Filename,Label,Error_Description,Audio_rms,Audio_zcr,Audio_ptp_amplitude,Audio_skewness,Audio_kurtosis,Audio_std,Audio_Spectral_Centroid,Audio_spectral_spread,Audio_spectral_entropy,Audio_spectral_flatness,Audio_top_peak_mean,Audio_stft_mean,Audio_stft_std,Audio_stft_max,Audio_stft_energy,Audio_wav_entropy,Audio_band_0_2000_energy,Audio_band_2000_5000_energy,Audio_band_5000_10000_energy,Audio_band_10000_20000_energy,Audio_peak_0_50_Hz,Audio_peak_50_100_Hz,Audio_peak_100_150_Hz,Audio_freq_peak_0_50_Hz,Audio_freq_peak_50_100_Hz,Audio_freq_peak_100_150_Hz,Audio_freq_peak_0_250_Hz,Audio_peak_0_250_Hz,Audio_skewness_fft,Audio_kurtosis_fft,Current_Mean,Voltage_Mean,Resistance_Mean,Power_Mean,Current_Std,Voltage_Std,Resistance_Std,Power_Std,Current_Ptp,Voltage_Ptp,Resistance_Ptp,Power_Ptp,Current_Max,Voltage_Max,Resistance_Max,Power_Max,Current_Skewness,Voltage_Skewness,Resistance_Skewness,Power_Skewness,Current_Kurtosis,Voltage_Kurtosis,Resistance_Kurtosis,Power_Kurtosis,Current_0_200_Mean,Voltage_0_200_Mean,Resistance_0_200_Mean,Power_0_200_Mean,Current_0_200_Std,Voltage_0_200_Std,Resistance_0_200_Std,Power_0_200_Std,Power_1000_2000_Mean,Power_1000_2000_Std,Power_2000_5000_Mean,Power_2000_5000_Std,Current_0_200_Skewness,Voltage_0_200_Skewness,Resistance_0_200_Skewness,Power_0_200_Skewness,Current_0_200_Kurtosis,Voltage_0_200_Kurtosis,Resistance_0_200_Kurtosis,Power_0_200_Kurtosis,Power_1000_2000_Skewness,Power_1000_2000_Kurtosis,Power_2000_5000_Skewness,Power_2000_5000_Kurtosis,Current_0_200_Ptp,Voltage_0_200_Ptp,Resistance_0_200_Ptp,Power_0_200_Ptp,Voltage_0_200_Max,Resistance_0_200_Max,Voltage_FFT_sum_area_0_200,Voltage_FFT_sum_area_1000_2000,Voltage_FFT_sum_area_2000_5000,Voltage_FFT_sum_area_3000_4000,Voltage_FFT_highest_amp_area_0_200,Voltage_FFT_highest_amp_area_1000_2000,Voltage_FFT_highest_amp_area_2000_5000,Voltage_FFT_highest_amp_area_3000_4000,Voltage_FFT_bandpower_area_0_200,Voltage_FFT_bandpower_area_1000_2000,Voltage_FFT_bandpower_area_2000_5000,Voltage_FFT_bandpower_area_3000_4000,Class
425.csv,niO,oil,9261.29566785775,0.0460791606310926,45779,-0.1251905435255974,-0.069191735125905,9261.291771184226,4008.1620501151774,4513.081611604494,11.927055029388264,0.3073094711665075,45385359.90343675,194.47946258880785,828.591753464446,20735.929796415705,18782618991.806293,0.5301217396307306,2.618759191256117e+16,1000667642294998.2,695798154573381.8,95253406788090.2,47568589.08051136,30449771.776018027,22433764.30946609,28.18776181341268,58.25470774771953,122.1469678581216,29.371387283236995,80302523.359137,2.121109589717461,5.397665059995614,235.4594135146621,27.24362728431789,0.0979515919267069,9530.38671036974,166.82773226443234,22.53693003364933,0.0915685951525616,8935.193201018687,475.6,56.7,0.4689317451314048,21405.942000000003,488.3,55.77,0.4235658914728682,21355.020000000004,-0.0475507845186612,-0.2010846682103463,1.506438998353525,0.0917511049941922,-1.8724801917604807,-1.841450408145909,2.0431657064100666,-1.8276123348715905,136.50903102422438,27.24629834254144,0.0980214462698755,146.09098512537187,70.06847257752798,22.533656850963208,0.0914839957156967,77.2925404078889,1594.7700065873355,490.134329567699,3734.2589951126224,1464.7506221835254,-0.4278356834190433,-0.2009939431413158,1.5117204907636492,-0.7582274163888066,-1.5979265067046946,-1.841554451954469,2.051654471323033,-1.3816016765909638,-0.3860957601021849,-1.848053365672821,-0.3219364769227486,-1.8776837087244724,187.3,55.77,0.4235658914728682,200.0,55.77,0.4235658914728682,129.74601085385905,53613.78600604355,178003.5846432299,9902.78555071846,10.058205007289237,7500.174164854303,13216.44121000016,340.7957112470945,417.13200000000006,107483445.71120004,644938751.2261001,929773.025,oil
376.csv,niO,Tilt,13142.840192977505,0.0231745136735269,46525,0.1060680654551183,-1.1783239482199768,13142.831521099144,3166.8555229886706,4300.344623045758,10.70891663606698,0.25179616345706,57944326.68602832,213.46951210944616,1223.0789559635075,22434.010441918406,27839334054.08577,0.1893070590994276,2.676025867896064e+16,258797862342916.62,127535233037990.05,18038820758627.44,43168801.3467736,57539831.74460165,8419863.252540335,29.771638003947,56.83676346208063,129.91260219904143,29.14012738853503,107214628.14798242,2.091281787235165,4.231885134541452,236.9304329189884,17.86195027861123,0.0625457462425422,6355.3448330475785,166.04717067534486,15.861825619836432,0.0519288519380139,6491.468979696333,451.6,44.87,0.2757928118393234,17424.43,462.4,43.94,0.2348837209302325,17336.461,-0.0688722186969949,0.0491595141705056,0.8979088345888352,0.3211968113086871,-1.8647708082618133,-1.7710249198210903,0.190849676170131,-1.7027278750705437,137.57008144020574,17.86593870552936,0.0626564280275973,144.43113780540077,69.89474727279337,15.857251773657827,0.0517675652059292,79.84938742434196,1591.782944920703,488.8554174409492,3441.8842599657096,1424.657209115982,-0.4655040499358002,0.0494398273018518,0.9137980868928096,-0.7714353689450973,-1.5591644013893549,-1.771174167739764,0.1949649074314687,-1.371364973257883,-0.37976370761975,-1.8500009376322493,0.0804166643822433,-1.8961453366565333,189.2,43.94,0.2348837209302325,200.0,43.94,0.2348837209302325,159.27745008681194,30299.18071150016,119128.7971405434,18927.831427424404,17.060691513136845,4348.700179968956,13775.558760692396,2193.0521715012574,722.6831999999999,37269291.38279999,475141873.9801,10418197.1542,tilt
406.csv,niO,Tilt,10630.770373605104,0.0397865114022319,45923,0.2616852384373687,-0.6309042831292659,10630.747897738189,3280.230364510399,4186.394137972662,11.009465271052932,0.2414513993166647,44073997.70498313,188.55604066250856,982.3073834379808,22612.70508966984,18843062469.294285,0.2669506554768793,1.897350373565691e+16,268375890338887.72,180909441882008.1,19050286823364.742,42680153.12573879,31661944.32522193,6946545.87846791,28.4651463690765,56.930292738153,124.21154779233382,29.241071428571427,78662512.35143876,1.825404622186372,4.039268724186846,235.3921080621145,19.09894277813231,0.0676747930166525,6823.739096787918,166.36484347387398,17.15312909885676,0.0513152599701814,7104.751468585697,450.7,46.04,0.3252783378627158,18131.387,461.9,45.26,0.2810160427807486,18050.263,-0.0555091879922486,0.0882789299192202,0.712011808349122,0.3373036757598829,-1.866318841362702,-1.7963723795469475,-0.1861464194110631,-1.747966618817169,136.7783663050415,19.10381620931717,0.0677682896366426,147.43851563497128,70.27791028791673,17.147613100675756,0.0511742492800959,75.41105357895314,1589.8625981706025,489.77681547836966,3417.33402744097,1419.973137298391,-0.449790524136813,0.0886037746427986,0.7251046035850862,-0.7681835163691957,-1.575437375134655,-1.796572783094057,-0.1866452748810929,-1.3509706112023387,-0.3698376501094121,-1.8585742953004327,0.1191215649120522,-1.8826088357160984,188.8,45.26,0.2810160427807486,200.0,45.26,0.2810160427807486,142.552516891182,29152.97106613957,120524.3284247894,14308.170279573444,18.04730487457575,4134.072380668819,18321.22431975168,694.0292435506929,736.7434,35081892.2824,616916674.3561002,2898422.2352000005,tilt
191.csv,niO,oil,9855.90717024716,0.0465818759936407,48632,-0.0486015501523989,-0.1959735317812914,9855.90549603599,4429.290237541027,4730.198358142372,12.064903315492224,0.3481439014189757,57453313.66196183,201.71465988893732,886.4528857974566,22181.7978434059,21110144306.1507,0.5565148664706903,2.8545776101936028e+16,1121584752426953.6,930676687041168.8,145348069692931.88,34193614.419407375,54168447.61557509,17222843.88006424,34.34022257551669,57.23370429252783,124.00635930047694,57.93991416309013,76781329.28685404,2.502942329528049,5.730715760668936,235.27874149659863,30.04334396258503,0.1116549608822384,10417.505605017006,166.12752646303002,23.55757344320257,0.1006637250133325,9541.794946482614,471.2,57.72,0.840301246118482,23223.974,482.4,56.94,0.7870165745856352,23144.550000000003,-0.0517568625327021,-0.2729651830741094,1.7005658122043483,0.076555900485703,-1.87197492726758,-1.758731092486714,4.081528130196507,-1.8105666000138232,136.7623724489796,30.04538477891156,0.1117173212429524,150.3674092261905,69.93752465495926,23.55494357835064,0.1005838672890805,74.00497500706997,1620.098238095238,483.4618191842963,3799.168819515306,1446.1123986277169,-0.4373855561549336,-0.272884961789778,1.7058497486069315,-0.839497443838633,-1.5786757354062704,-1.758823694130548,4.094392837748501,-1.262697681989597,-0.4934308850177876,-1.749621831876628,-0.4155445739289971,-1.80003956949757,188.8,56.94,0.7870165745856352,200.0,56.94,0.7870165745856352,120.09666197934904,53872.32782045005,172010.05597771096,8529.626911480857,10.063682736653142,8139.175857264568,12164.449270137531,574.4543751022636,432.32400000000007,112676315.34,420153830.4678,985271.3902,oil
401.csv,niO,Tilt,11256.38962808392,0.0292305261494706,45871,0.0465321152928731,-0.8737390688057887,11256.367534510542,3583.184084330451,4445.946784399167,10.599481989057232,0.2810158366161973,34588722.710851766,214.72315126543995,1032.2786277922269,22903.58845934116,14340997042.40894,0.3186221190527624,9854511609740874.0,164761415159987.0,116085270017293.84,15149920102250.344,25448400.976590272,31941003.35423716,7897454.624974705,49.2968873439722,56.88102385842946,128.93032074577343,58.1354748603352,56431696.29359768,1.428719210880021,1.3370148654662302,235.3017006802721,17.949453656462584,0.0626368311063733,6425.399228528911,166.52687272015058,16.265340086649296,0.0498337769030589,6693.515258958348,503.4,44.18,0.2712737893348408,17559.19,514.2,43.4,0.2270114942528735,17469.442,-0.050269379603169,0.0925560846528904,0.7891192601980781,0.3401520623157645,-1.859366645760648,-1.8077000998137065,-0.0867803155768474,-1.7387338460600277,136.71413690476192,17.954483418367346,0.0627381424966238,145.14763775510204,70.31164258279537,16.259693919063707,0.0496850259706177,78.53803633472134,1583.1891394557824,491.2934895271002,3404.3462923044217,1423.6977438542838,-0.4490784477191855,0.0928939082918806,0.8035741842084047,-0.7556583674099648,-1.575391668953799,-1.807909286980728,-0.0857949828566382,-1.3879075731561774,-0.3405341416941639,-1.8795758595151488,0.1394704661631796,-1.887129042923376,189.2,43.4,0.2270114942528735,200.0,43.4,0.2270114942528735,190.434591846362,27598.554098007902,125925.65770004246,12010.47060454527,23.78065221100524,3361.996605009096,18054.28822275807,707.9193590709824,1607.0335999999995,27429181.03600001,539411864.4399999,2669291.1208,tilt
346.csv,niO,offset,9868.94951627931,0.0515531621461876,46140,0.056899298049435,-0.261400083572334,9868.835931400095,3515.632237081729,4248.534522514915,10.92349980189974,0.258038093684465,33096332.42748751,197.55999444233785,874.8582157037542,20105.22900509976,12452218022.340635,0.4106442547180134,1.0821130260884808e+16,316953047993945.5,128565423298303.31,24646292111884.83,27917020.221159063,19988501.729380928,26301212.724497046,28.370657384908387,56.741314769816775,135.54869639456228,11.194029850746269,75271834.35053462,2.036625038259596,4.873454010568875,235.3744793880153,17.6562749681258,0.0620743936955118,6277.269045473864,166.31221731764833,15.861977081671371,0.0514172296886682,6480.854365784903,442.3,41.940000000000005,0.2600313561536451,16204.250000000002,456.0,41.06,0.2191011235955056,16159.916,-0.0489896336701796,0.05466865227288,0.8729679842240301,0.3179999980732949,-1.8648512007282767,-1.8246045946237124,0.0847252303155228,-1.7636673702050976,136.82730556736084,17.659507012324692,0.0621599409559296,143.8686874203145,70.05961545415843,15.85830448766305,0.0512942348493489,79.9256271029172,1587.7759109647257,490.2726226996381,3409.838719507012,1421.8455282571229,-0.4419541982639902,0.0548846994366828,0.884765795374712,-0.7462074504517404,-1.587093771346283,-1.824756878032248,0.0877285061362571,-1.4102478206623783,-0.3606798135682528,-1.8654283678461845,0.1259225425355476,-1.8857625538400435,186.3,41.06,0.2191011235955056,200.0,41.06,0.2191011235955056,149.12658893496695,30053.621820510714,132734.7171643346,20214.46210659788,12.00833686376964,4249.786164431641,16186.169128837186,1028.2336072532285,554.9038000000002,36336710.101599984,528919511.4609001,7193029.897399999,offset
175.csv,iO,,11154.512329890596,0.0338082901554404,49341,0.1360254548207912,-0.6662003729601702,11154.078978379885,3346.0691829692228,4306.096373115316,10.744555995015157,0.2525410126932504,42174535.07046993,197.84077357803227,1020.3991796684132,22089.97572899219,17002634191.046623,0.2562961974200679,1.4441439788234524e+16,237160879082737.44,133842497412282.56,19358245798884.58,32445139.40018092,25999087.467768334,18463614.71801243,34.196891191709845,59.067357512953365,121.24352331606218,27.594339622641503,58181660.3494282,1.8134811872896903,2.3786527248413867,235.1781628747608,18.92975334892622,0.0683289763521416,6686.997376142888,166.50249544187818,16.63742107134174,0.0516764423291959,6894.963631880929,454.5,45.16,0.3434025784226734,17960.025,464.3,44.33,0.2638107416879795,17900.865,-0.0548590886697299,0.0527537816350805,0.67927579326173,0.3364791232156463,-1.865297182081008,-1.7732959577036076,-0.2347759139017839,-1.7308226464809142,136.6157346374655,18.93446310865405,0.0684878927647718,147.24878269189878,70.43573822271078,16.63195698898859,0.0514065532594556,75.58427987797927,1600.0546436317245,483.9544396875376,3424.5290829257924,1413.537620293068,-0.4496055187893769,0.0530997332215413,0.708638532493692,-0.7676616191570688,-1.5745415703695222,-1.773513038768809,-0.2536244352260501,-1.3480600350629464,-0.4245034287361038,-1.8071008427366289,0.1122644043570607,-1.8733050565130267,190.2,44.33,0.2638107416879795,200.0,44.33,0.2638107416879795,134.70970164168978,31730.548789743185,127384.1165870887,13259.697546153166,13.59877491196558,5167.962873965021,18441.099281474493,1103.0694234627867,527.1876,42296244.51079999,606969387.0214003,3620478.2480000006,ok
230.csv,iO,,11327.975379570082,0.046702932201141,48197,0.0447819821803521,-0.623438692125466,11327.91704349764,3174.6979203847927,4255.733893773934,10.68933358160541,0.2424889908349487,37442902.20500977,209.7147461012698,1004.1634176873148,23164.3708300883,16154232542.204807,0.2909046616042045,1.4210847648581742e+16,236040014394695.28,112522576437533.4,19679768055274.86,25021085.635200907,29107061.587047204,32177183.78783417,35.02719915085578,57.31723497412764,143.2930874353191,143.5546875,51604970.5079703,1.6753427163572665,2.0190519158337965,235.25013815090333,19.1134091392136,0.0704894170313361,6728.329091604675,166.32061648063777,16.55201710813791,0.0509699468815116,6876.8382910937935,467.3,44.870000000000005,0.3131283422459893,17741.572,479.5,43.99,0.2731283422459893,17689.84,-0.0511547490238262,0.0353535489466294,0.8687517116546422,0.3142714849970895,-1.867029858961449,-1.795870853842201,0.2826828939823826,-1.7546273585102112,136.73553666312432,19.116493092454835,0.0705637529060994,150.15029819341126,70.16234875241584,16.548384661134353,0.0508499872347966,71.74544084546189,1600.1116227417642,488.441694771562,3441.876452709884,1415.3789005301962,-0.4412306356286083,0.0355934007203893,0.882104818293639,-0.7775133334058479,-1.5888429535501365,-1.7960584664612402,0.2830413618294458,-1.3172367836091006,-0.4111274226557495,-1.827246465204347,0.0849390798313816,-1.88562936566752,187.8,43.99,0.2731283422459893,200.0,43.99,0.2731283422459893,149.32561394159242,30097.22038513916,126995.83551484908,16478.193693645837,13.9858218175906,4766.621842209866,16970.056927815614,1220.4083781567742,747.2480000000002,39272744.66379999,569579975.4096999,5906670.487600002,ok
225.csv,iO,,9698.428744041576,0.0497527349018432,46736,0.0779165861424303,0.047003047078562,9698.41494220977,3145.04938575819,4136.890931550264,11.050165642595406,0.2242856983676464,38836960.89333808,170.11381956120002,864.8202225134476,22314.57146151388,15833812319.908024,0.2745456820122351,1.836525503359561e+16,281785364968271.8,179343775628671.8,21163048317991.2,31719748.93161068,31300570.346338965,32652484.05579048,33.56811029521954,57.54533193466207,143.86332983665517,33.07231524249423,47369327.65298533,1.3227820882980796,0.916723521608524,234.3408788853162,18.217288317256163,0.0671936368081463,6369.40935841372,164.6855461382697,15.80748680011904,0.0542010253465527,6461.319605217183,457.5,42.720000000000006,0.4769980019980019,16837.956,469.2,41.84,0.4308441558441558,16754.579999999998,-0.0647497896389346,0.0122966410147587,1.4770863289712977,0.2947346679434823,-1.871844097372723,-1.816977914992016,3.9420263809761416,-1.7607972725594028,136.82707395498394,18.22260450160772,0.0673192942709014,148.49387609860665,70.05752370358697,15.80125299583143,0.0540171415723835,74.88834435505936,1594.6395502679527,488.6732233943813,3437.947108252948,1422.1324054207505,-0.4359372062422222,0.0126897397927636,1.5004781973361092,-0.7914690361674883,-1.586150263469048,-1.817298079986631,3.9921838682706574,-1.3170296313688274,-0.3903234426444333,-1.842641748393084,0.0923432508835897,-1.8898538917203336,188.3,41.84,0.4308441558441558,200.0,41.84,0.4308441558441558,129.02431531373963,32253.613293730363,116850.70859837308,13924.5495778914,11.956209354638345,4759.694750765478,16182.558764778963,1036.4254579368217,424.0999999999999,42134904.796,478916509.9907001,4168550.297,ok
209.csv,niO,offset,11103.84540644218,0.0362778780644034,49088,0.0628666769544808,-0.5223299397545529,11103.740013678052,2795.2352264130745,3875.673837115212,10.553016484079892,0.1957474378675544,46570916.93500703,179.69571942645402,1020.9436588712244,22185.74705911662,18853071984.23865,0.1977802442516455,1.7870165841223214e+16,223975837155718.4,76579462367439.02,10181650614674.148,34012763.82410973,40491628.76141509,15940396.349553049,30.745938391661333,58.696791474989816,125.77883887497818,56.62455934195064,60143261.50668539,1.845908101437238,2.340313041960634,236.8539532890508,18.221975573173346,0.0638910459155457,6515.555405185343,166.059842751778,16.096820060824317,0.0493402851437353,6652.844898252916,452.1,42.96,0.2651360195360195,16840.667999999998,462.9,42.08,0.2027428571428571,16754.579999999998,-0.0703103812896438,0.0272747002423455,0.7293901665057535,0.2819595085169347,-1.8670281856325373,-1.8365169436899969,-0.1653859576366909,-1.801720094632768,137.48986500964216,18.22904649667881,0.0640703955647678,146.6864326119563,69.93467549359345,16.08864933389277,0.0490505543940311,77.22531804447893,1589.4267013070496,488.48071279442377,3425.047355046068,1425.0501812725502,-0.4644133073344572,0.0277584681347018,0.7610250658576866,-0.7782477642101491,-1.5587392309906731,-1.836915155280014,-0.1770401768727088,-1.3567501614529731,-0.3721218435756783,-1.8541196763550305,0.1106513032507232,-1.89055794712582,189.2,42.08,0.2027428571428571,200.0,42.08,0.2027428571428571,126.23931612832976,29191.031679163232,114887.30176547376,12810.534961095893,16.37681999297489,4156.144479841157,16606.91199678167,775.8301564270752,632.796,34217919.19600002,492948670.5027,2849100.3304,offset
416.csv,niO,Tilt,10740.818757443974,0.0342190889370932,45416,0.240652013170657,-0.7024034807897719,10740.776677940152,3399.7132702861045,4286.4683676860805,11.027495432085136,0.2526706550379384,44382755.32728267,192.5007878388409,986.4583668278128,22186.753996514668,19025290587.23491,0.298759767288355,1.9079768274071104e+16,311721667622138.44,196279791214234.53,26100094650933.016,38323440.11197845,37520406.840316445,5830640.132234436,28.63340563991323,57.26681127982646,132.75488069414317,29.25755033557047,68963121.39136568,1.5718220417859108,2.185344257291657,235.48993831099764,19.111537970644545,0.0659354362249987,6870.490164433099,166.41246893115326,17.42380351507721,0.0524995110814781,7195.245676077614,453.6,45.74,0.2995805443015678,18390.146,464.8,45.01,0.2344019728729963,18301.066,-0.0555524441374899,0.1073399668904871,0.6508130647590531,0.3480708756377433,-1.8660776692909145,-1.780920883787265,-0.4263309502243895,-1.7308195866538565,136.80797702616465,19.116217825994468,0.0660399577821762,144.93050329717082,70.26583521210816,17.418589274978956,0.0523409582930108,78.7453266891601,1586.8209644756434,489.688389646928,3411.656478196129,1423.4115233863345,-0.4506204473209056,0.1076309208992124,0.665006049052917,-0.7576721238158632,-1.5748812638465877,-1.781063255017671,-0.4312222688414722,-1.3846494951194197,-0.359338119414347,-1.865385030829181,0.1250377631315176,-1.886394612766349,188.8,45.01,0.2344019728729963,200.0,45.01,0.2344019728729963,115.12733348786196,29439.752505326232,122541.51257821178,14648.390428465484,16.741603783723324,4155.627373590507,18677.33108529547,1029.5728180590152,574.2142,34945345.336,657080045.7959,5021257.49,tilt
212.csv,niO,offset,10469.895900790403,0.0390710811234897,49886,0.0718248300300141,-0.2069865932391374,10469.89554731882,3001.371337021889,4028.771872116298,10.877651168766164,0.2191258188784295,45350256.56378595,174.90377138137035,959.129907528476,22243.54144396392,18515208469.11676,0.2402865906608942,1.958753592230149e+16,316947598817974.75,114305107901274.58,15862954852696.812,36648836.09592319,42350189.94327144,17302398.603384823,30.12709869763063,57.74360583712537,125.52957790679427,57.91529605263159,58569564.67742951,1.8480214095365013,2.3557698634367705,235.2618116096109,18.138031044014458,0.064979642323527,6474.1224805443335,166.5507968806861,15.928059852910415,0.0474303711046433,6602.246778431526,482.0,43.16,0.2700259057559942,17023.178,493.2,42.33,0.2076327433628318,16966.964,-0.0531035600681879,0.0457969219484478,0.8123896115125597,0.2896250447048142,-1.8628537559575924,-1.799362662770575,0.0402586123090009,-1.7620819515179011,136.65796300233893,18.14162449500319,0.0650882311623287,148.26006400170104,70.40347316930688,15.923891088510253,0.0472454904851772,74.37598438067893,1580.5621777588774,490.0593835416781,3440.6294864979805,1428.2113297158523,-0.4498104985173184,0.0460670244323712,0.8357364347352456,-0.7699189601833268,-1.574258795303281,-1.7995564426754822,0.0302241615145022,-1.3448862977490028,-0.3346091093339576,-1.880471166793232,0.0872804074628048,-1.895605698177324,188.8,42.33,0.2076327433628318,200.0,42.33,0.2076327433628318,109.93264591220333,28571.783607274818,123435.12105491094,16937.62116019631,8.649241329456101,3430.390440049676,16664.411594612087,1047.416742577516,353.4066,29536591.432000004,475715200.5987999,6177973.3618,offset
417.csv,niO,Tilt,10838.286013770048,0.0338867647829047,46304,0.183440024620643,-0.6406604084146839,10838.28586264616,3700.973622126578,4632.148848478716,11.157657689340288,0.2985408576442205,50172123.252212144,189.69141805254725,1007.3546090099212,20705.27858767368,20467484107.34829,0.2614970610578577,2.089933285641223e+16,283496442627126.2,194443348857772.75,33265045371834.883,44364361.46405514,36875310.802436605,9763914.131500756,30.16812444351333,55.30822814644112,130.72853925522446,29.25117004680188,81560919.40289229,1.936160504395784,3.9647384119806457,235.37275818104547,17.991172970675734,0.062750387181033,6431.75739396515,166.26980916084855,16.277782022492282,0.0511263292098427,6681.359187357592,443.8,43.79,0.259235294117647,17373.689,456.5,42.91,0.220235294117647,17322.767,-0.0529429330281942,0.0698041072023112,0.8038536681054829,0.3235942121772644,-1.8682883911547647,-1.827097867709769,-0.102699579859403,-1.7653086943445535,136.8107097322567,17.994906502337443,0.062847306524534,144.15343497662556,70.12219187878216,16.273571307643767,0.0509859974659303,79.32973860077693,1583.0776364215894,490.0407426733312,3405.0368215044623,1422.7608203706195,-0.444055272508141,0.0700454869173725,0.8169269033322656,-0.7449700061159825,-1.5839640938925594,-1.827264890369689,-0.1009245502673872,-1.409949608772384,-0.3440913926351333,-1.875028793725604,0.1328830763171988,-1.8832126014646169,187.3,42.91,0.220235294117647,200.0,42.91,0.220235294117647,107.54065194661312,29261.32979836927,121724.591846414,16074.804494506528,11.744893699466925,3941.8227015986936,17281.2268313836,1069.935620248378,432.0002,33623353.4788,554016157.5863998,5009849.8532,tilt
352.csv,iO,,12594.144912233913,0.0332477361805649,48423,0.1072646817839603,-0.953781820455554,12593.872389414166,2774.803520071961,3948.707767996901,10.3285521648428,0.2089742684723552,44167348.27319155,202.99481004504327,1173.0118251311123,22112.3786798229,21389250740.07634,0.195457656686252,1.711759862122557e+16,167855195349174.2,73225918725094.95,8490828134899.067,46763515.15599287,33720215.40531678,9753375.909344252,29.19313420732532,58.38626841465064,129.74726314366808,28.68047158403869,104291175.30336468,2.490409987471946,7.698922660699974,236.83394770681525,18.44519931418774,0.066676141801017,6530.529339477069,166.01187216077125,16.017936285409498,0.0497741443508294,6629.8645716366445,448.1,43.65,0.3513328002132481,16950.371999999996,458.9,42.72,0.2873983739837398,16870.127999999997,-0.0677527641251385,0.0206726561073444,0.8502592685870984,0.2882352518197292,-1.8621216676531207,-1.8091129966330948,0.3498397107378936,-1.7790628807029925,137.55295756536648,18.45147235319332,0.0668335436565029,149.21600814402058,69.9261247047482,16.010564459636424,0.0495098358487292,73.82707102598707,1596.8001305186456,487.3914280875006,3436.055069867124,1420.2991094164902,-0.464955944865042,0.0211491943947015,0.8822767582842578,-0.7941672621337184,-1.561155815594418,-1.8094967028907505,0.3438380945799668,-1.307420922286892,-0.4022487543860112,-1.8312111741764543,0.0961777740890223,-1.8863703436787205,189.2,42.72,0.2873983739837398,200.0,42.72,0.2873983739837398,160.3758939241331,30148.89943450936,122110.5603255285,18016.39422125664,22.45622926135814,4720.331697895756,16495.55704289386,1113.8385053977377,1136.4164,38822296.188800015,501263390.51540005,5970232.580399999,ok
235.csv,iO,,11288.690684730578,0.0502025366890231,48142,0.0437296450584848,-0.5549398146102487,11288.501253522969,3122.59552915897,4149.68709451905,10.63051459884486,0.2300098557266059,37308406.75763482,203.99399161467048,1008.0006753297564,23150.01736996199,16236428948.640097,0.2794185327300531,1.4097785521096716e+16,210205030344062.25,126718631118134.62,14999297020074.658,24634792.1510582,31431981.176053192,30097041.38348791,35.06208911614316,57.37432764459791,143.43581911149477,57.15880102040816,49633905.48662233,1.684775342058792,2.2508351623207075,235.3811942201445,19.12322354441139,0.0709254623369263,6733.374356991075,166.43096406407105,16.50650269698635,0.0495240108419364,6886.781702740653,460.9,44.620000000000005,0.272797385620915,17425.156,472.1,43.84,0.2403529411764705,17378.176,-0.0515346269304501,0.0301321857402553,0.810241234587211,0.3064580400614022,-1.8674336233224984,-1.8177918166499256,0.1038454594763287,-1.7806934283643336,136.75106247343817,19.1250722481938,0.0709705535363157,151.16771419464513,70.17773488719578,16.504324676061227,0.0494503793606958,70.37835127239953,1601.7558684657886,488.1836374090868,3428.839024649384,1415.0175066857366,-0.441484048163893,0.0302744769435126,0.8184972735112135,-0.7850046184920052,-1.5878169457482445,-1.8179140616848208,0.1030328996129155,-1.290960253714062,-0.417659064728715,-1.8217634572442485,0.1068893100274015,-1.884290939773876,188.8,43.84,0.2403529411764705,200.0,43.84,0.2403529411764705,119.03360789802964,30014.725427586563,125401.32308073802,14747.9708131702,15.093635433712722,4623.026162311397,17578.006012911024,1241.8590589198818,605.1008,36601051.86119999,569700536.7426001,4823250.3836,ok
317.csv,niO,Tilt,10148.71988503179,0.0513421246402035,46663,0.1676223241166548,-0.4643563163154178,10148.144072482946,3616.174579238385,4369.139716676951,10.823033298842224,0.2652704672412221,30738071.956601817,193.1897489687679,936.7079341966952,21941.53561910307,13924233671.751623,0.3471816148313845,1.1107268189640062e+16,199871510441830.6,170820396370182.88,16179582827563.66,30393881.321498632,21016475.04032556,5301798.609476005,28.91759823281344,77.11359528750249,112.45732646094112,27.69537643207856,48690519.610311165,0.6531646372549955,-0.0556561160871269,235.2883765405865,19.41589672758181,0.0703018730635304,6898.706797917551,166.2730775488826,17.14511468585234,0.0515922061430514,7120.255514757781,452.1,46.23,0.2798153156079166,18563.821,463.8,45.55,0.2637390213299874,18479.635,-0.054005066054454,0.0646207390556657,0.8636269175410136,0.3226277061129947,-1.8717339908985469,-1.8078468340167324,0.2237855121342393,-1.7532687908476607,136.73215044623885,19.417220569485764,0.0703259666357362,149.76702826179346,70.13680890189757,17.143593079821905,0.0515566742173434,72.29748603295117,1590.596971525712,490.7696031939665,3439.900645133872,1420.487852118725,-0.4408635169482358,0.0647123027410569,0.8670690451308695,-0.7776913753558375,-1.5882134682340132,-1.807912595712144,0.2250172574881137,-1.3154672409487893,-0.3693581020950128,-1.860612373565078,0.0840272858978493,-1.8945289882578809,188.3,45.55,0.2637390213299874,200.0,45.55,0.2637390213299874,108.77711211384756,29665.0894523215,118913.27892247746,11837.87144440476,15.58711017407911,4074.206576587803,17602.888402130153,657.8752625117567,606.8055999999999,34547362.536,600518316.0153002,2057762.48,tilt
356.csv,iO,,12678.633488942309,0.0293181664296838,48768,0.0680115444944138,-1.013450419095195,12677.766602116426,2961.3774679396165,4083.990332534209,10.46614860740276,0.2271848692578338,43899427.11079279,213.61062457181524,1175.1532385160438,21938.987756094364,21531894654.7326,0.2267998362638382,1.7235371061090474e+16,187949869345857.12,98101146426686.88,12214951096530.71,48051461.6064355,32426702.59810321,9833779.37590075,29.250457038391225,58.50091407678245,123.50192971765183,28.662048567870485,107914077.2845828,2.696783799291888,9.293532827323729,235.3325319148936,18.950544680851063,0.0675774459419005,6740.780773404254,166.43889687200723,16.833783112687456,0.0519801656037969,6949.39185448938,452.5,44.38,0.3413043478260869,17695.948,463.3,43.6,0.2913043478260869,17632.776,-0.0530599032959965,0.0532407629363782,0.8245674692711441,0.3112443169719691,-1.8626228299523435,-1.8157789426712347,0.2404725227203892,-1.773639026457458,136.7513829787234,18.955168085106383,0.0676953082708283,147.35036787234043,70.3298203824723,16.828480487419895,0.0517989124466882,75.49372740494712,1592.0777442553192,489.5227605719804,3427.2958206382978,1420.263097219233,-0.4492818641136568,0.0535510681731992,0.8428772852492132,-0.7684825856167731,-1.577287039995477,-1.8160032956958487,0.243375428343751,-1.348623504980306,-0.3789282410036622,-1.852212322584192,0.1031570737772819,-1.8871118254464216,189.2,43.6,0.2913043478260869,200.0,43.6,0.2913043478260869,118.81708784317183,30116.10395397003,131612.6996031302,14475.264113968771,17.403962867293018,4593.742320114152,18283.99134151857,780.4158486489828,554.2167999999998,39008866.73200001,599295758.7149999,4108440.4160000016,ok
405.csv,niO,Tilt,10268.778674385492,0.0381085618354784,45342,0.2653423256185981,-0.5454863444069353,10268.714521686314,3635.549979321157,4431.198315383548,11.156381762118125,0.2753601599980149,41557583.93516181,195.9052146738973,937.7635477278822,22096.897669055623,16693488134.851278,0.3564462066079511,1.6272051755729966e+16,318792073491129.94,213162653202551.3,32588827900465.543,35366323.02011551,34401154.72013368,8173132.398415096,29.546726357022948,56.40738668158926,131.61723559037495,58.92619680851064,55149361.17079392,1.2313732629045997,0.926614135455126,235.39270368006808,19.028679004467136,0.0646918362658846,6863.772781110402,166.411739906376,17.41980411801233,0.0532358838757484,7166.063863242142,462.4,45.06,0.2875247064294849,18068.104000000003,474.1,44.23,0.2432624113475177,17983.918,-0.0544472551296384,0.0779848767500118,0.6530792996451089,0.3164741043860049,-1.8650981683285504,-1.8276910550493144,-0.4251921704011763,-1.783218332232078,136.75928525845563,19.034241650712616,0.0648022921544335,143.18979812805787,70.28127795735202,17.41362070347733,0.0530804322100479,80.70254178583485,1582.4271110402042,490.1465155111152,3408.764778983195,1424.4356705158575,-0.4487706231132812,0.0782937781476258,0.6651695000031234,-0.7491305635770565,-1.5767249860299593,-1.8278811287429528,-0.4248871872793636,-1.4008156375035103,-0.3414725729091552,-1.87687912894142,0.127305384919582,-1.886454807030754,188.3,44.23,0.2432624113475177,200.0,44.23,0.2432624113475177,187.299559151029,29441.79895316853,130536.6912525229,14524.612952418296,18.125392822281515,3863.996053033368,18211.49426543512,867.3872431574654,854.8456000000001,33896215.33,627176528.3318005,3743871.696,tilt
379.csv,niO,Tilt,12056.314420277464,0.028038636973437,46186,0.1645074127780702,-0.941051197694626,12056.29962613833,2931.7416615783022,4075.6799993035215,10.42210043722775,0.2232551193576472,40907700.73016836,202.5535169885769,1113.458051686259,21797.671544447112,19496592722.38531,0.2045522767040712,1.5900217917536596e+16,158511632508595.06,82695047800149.69,10880790820061.432,38004202.44384934,31552965.97789518,12645271.557709962,28.977730077810573,54.73571236919775,132.00965924335927,28.6155523255814,77437066.74287629,1.5448016010766588,2.830409475085544,235.30512112197192,17.593382915427114,0.0619695679741684,6265.207068210794,166.34582411387325,15.750486256980944,0.0496089541364192,6464.93115034862,452.1,42.91,0.220352155230294,16796.438000000002,463.3,42.18,0.2010339734121122,16755.02,-0.050262832310932,0.0572908487348713,0.8192332778589874,0.3163693342844355,-1.86543982434468,-1.8140744224265688,-0.1041765915738173,-1.7603921537516436,136.76855078623035,17.595106247343818,0.0620069363682549,144.4897460688483,70.13873927572072,15.748525979280036,0.0495566519333345,79.0776292514795,1585.6098994900128,488.9702007986441,3406.0267802804933,1423.8074908444005,-0.4437124350016889,0.0574087035630482,0.8240222545372994,-0.7465813574431169,-1.5827196367739151,-1.81415337482092,-0.1028171392847436,-1.4100169646701075,-0.3568404174919811,-1.865171827770033,0.1348698799378117,-1.883212481477504,188.8,42.18,0.2010339734121122,200.0,42.18,0.2010339734121122,114.44273206507354,28505.26612288497,125654.3769891159,18013.708801938905,9.98314298348618,3789.576917911464,15882.46265327648,762.9412190559485,354.16380000000004,31369596.857,496813059.57900006,5257473.126,tilt
328.csv,niO,offset,8784.526069214087,0.0527551134458477,44872,-0.0180637541503952,0.0003953260155915,8784.523740633775,3202.5697030012016,3959.063240865864,11.073220058766177,0.2225367560595712,35255317.72907052,172.4679078518265,779.7204788885849,18913.440095824302,11599292719.505144,0.4174312800202359,1.1839679253453822e+16,366976455582572.1,128926584595404.44,18703867908954.35,28264983.25359449,21485619.447790068,24677072.274976283,29.5070973510674,59.0141947021348,134.1231697775791,28.2355305466238,63501250.26035317,2.192453827470803,5.6507810846744775,232.7867900446714,19.890933843863007,0.0711799537100486,7045.172791746438,164.99926055905266,17.354432524730047,0.0524187825438626,7155.042047644927,447.7,45.94,0.2893217041554637,18145.212,458.9,45.16,0.2312020460358056,18048.856,-0.0495492066159532,0.0265823260439368,0.6994253652127043,0.2764623475160728,-1.871972783494872,-1.8011200131798062,-0.1554846543603267,-1.787173157259763,136.0351201871942,19.895705169112954,0.0712941500127642,148.13681663475856,70.38635350639306,17.34887889557947,0.0522317326645166,74.56181374400606,1590.14470729632,488.3388590967908,3475.853243352478,1426.2844831325638,-0.4219386011858148,0.0269005706367953,0.7185618258781015,-0.7758676143397732,-1.593713533023653,-1.801349228610598,-0.1630406320016502,-1.3239540868440256,-0.3747161427746013,-1.851679222193284,0.0406171585001649,-1.9027045595001468,188.8,45.16,0.2312020460358056,200.0,45.16,0.2312020460358056,136.24268763569808,29680.37633682642,121205.09612459046,13284.974969844096,14.930879523258332,4442.157230799657,18207.85696901717,574.9940179819675,735.4472,36634738.9904,581901263.5377,2792083.6840000004,offset
227.csv,iO,,10999.72709673969,0.0466861468986585,47242,0.0600324096871426,-0.5486012590747174,10999.646991988697,3212.0374777753486,4244.8245104496655,10.692337479335183,0.240562472347485,35723726.85203695,204.9508086535666,977.0975677487428,22559.926282774188,15300717659.31866,0.274998544803794,1.33322329821493e+16,228643863140246.1,138469505925563.23,17975149384720.38,25461886.61283209,26167299.27906812,29404687.35497718,35.0644175853367,57.3781378669146,143.4453446672865,33.90718562874252,48110662.02634686,1.5086227075689262,1.6091155744069372,234.1933361902721,19.51391043496893,0.0707861124992085,6857.049074566103,164.73602062114216,17.155391667116085,0.0543329916072687,7057.831616270566,474.1,45.4,0.3705510670307015,17991.307999999997,485.8,44.62,0.3209160305343511,17946.163999999997,-0.0639906036522233,0.0532847836204039,0.8502433422588151,0.328191961293411,-1.8716661666154963,-1.7749360010181534,0.3413410285458726,-1.7311974280234197,136.72333404756804,19.5169745018213,0.0708827680055274,148.3010674951789,70.1097747860966,17.15185111632755,0.054182477801476,75.07430560623298,1599.995844653953,487.2670747239709,3427.3840940647096,1416.7750023150495,-0.4349236954766717,0.0534973912045399,0.8652413507453073,-0.7889114786323276,-1.584106266404985,-1.7750651648502942,0.3438034264374172,-1.3233032139381475,-0.4140223366013303,-1.822750376532884,0.1078784546589634,-1.878977578170737,188.3,44.62,0.3209160305343511,200.0,44.62,0.3209160305343511,96.16586990597456,31733.255692040573,118626.04452132533,10768.522942614543,8.590070690437301,5080.426246711832,18400.385361562385,1394.074474780278,246.8816,43939369.595000006,598673047.7457998,3038552.4160000007,ok
193.csv,niO,oil,11010.42845582942,0.0427722351942262,48823,-0.0630133309347871,-0.637786905322836,11010.418707844525,4102.475333465527,4498.709071158473,11.499001725036226,0.3092059796043875,49022316.24766675,223.27690028340464,988.378708677256,21847.60229023049,19735066528.52567,0.5165320957376527,2.0167953532349764e+16,830671051899314.6,459837281877989.75,64761020826383.15,30900607.769611165,45870966.32895647,14578087.6233496,33.1139885374655,58.58628741243897,124.81426448736998,57.41279069767442,78640794.96941592,2.417966281956278,5.461335589634439,235.17702932426693,29.98476200594985,0.1105973783696961,10411.223226306842,166.28745142990854,23.78399797193269,0.1005968035910871,9582.24082937302,457.0,58.01,0.5639438202247191,23104.566,469.2,57.18,0.5249438202247191,23060.232,-0.0485781256514908,-0.2554562397892811,1.3939053380173445,0.0847436322519107,-1.873839089105234,-1.770049473185925,1.6192544936488114,-1.8058530348945936,136.62311942201447,29.98684657883553,0.1106570659357701,149.09793625159372,69.89471384372459,23.78133991698604,0.1005239977491125,76.14612736499757,1614.9975250743732,484.56719329908185,3790.401229706757,1454.261095122239,-0.4324404010386301,-0.2553773521227886,1.3978202429091824,-0.8435816687414291,-1.5797908377219947,-1.770136884966257,1.6249437704493168,-1.264894826427865,-0.4718193761905403,-1.7702272325938515,-0.4006580469434781,-1.8200830795775969,187.8,57.18,0.5249438202247191,200.0,57.18,0.5249438202247191,135.90234274027728,55722.42863049432,170135.31636195385,8251.353175728764,10.04884934728097,7816.696940008524,11610.783979960564,811.3417333683788,497.862,113592114.6708,418006166.572,1025033.9432,oil
242.csv,niO,oil,11007.173572803578,0.0552633006128314,48298,-0.0793038041447882,-0.5182060925575818,11007.170700112794,3894.356608155025,4466.971072457825,11.406539924344695,0.2947284234972301,42870285.084321946,226.56111629578567,971.48880635671,21775.82240714749,18742098372.48924,0.5056319532483539,1.94243543613808e+16,706921750510411.6,399874086611928.9,64729088677518.07,30583408.4839149,40493980.95571906,29654751.41900352,33.84131460491349,57.26991702369976,143.1747925592494,57.23741319444444,61825079.39818121,1.871227394058227,3.181084156489084,234.79109458023385,29.72511158342189,0.121525903289467,10209.20583018066,166.50262902210383,22.899788445195256,0.1709610863462701,9361.199453302284,429.1,56.45,7.729629629629629,22225.115,429.1,56.45,7.729629629629629,22225.115,-0.0514312228339935,-0.2692180913745686,21.10863826293373,0.0772193173310285,-1.87450255866564,-1.7571493225058796,850.8366072335165,-1.8131856042464825,136.3174282678002,29.72511158342189,0.121525903289467,157.02445993623806,70.29164087552296,22.899788445195256,0.1709610863462701,65.58043813499617,1610.6995577045695,485.35356220633565,3781.0212429330495,1457.8706871771628,-0.432387230330514,-0.2692180913745686,21.10863826293373,-0.8890666797114779,-1.583094784130678,-1.7571493225058796,850.8366072335165,-1.166159304229909,-0.4538448962501481,-1.785957482452462,-0.3865583654694227,-1.8332679095437907,200.0,56.45,7.729629629629629,200.0,56.45,7.729629629629629,124.0484194343287,53523.06870965677,157458.65036406057,10017.289059651026,10.10746008981432,7539.914717614908,11610.507408586827,483.0075829621052,477.1321999999999,108575165.32960002,322883244.3249998,1129607.1042,oil
177.csv,iO,,9258.542709283336,0.0525036924103101,47513,0.1215330274313569,0.1813671599721913,9258.51412007537,3283.507835871109,4112.208508255327,11.175536093526846,0.2293445138547352,44272377.37767007,161.3445298490686,843.781986802621,21353.65304554555,15708332097.951674,0.3088244442700531,1.8320508276442016e+16,353700654098589.06,186793777027919.72,20560921260915.07,35182501.24422841,33996405.31831211,20620104.94428575,36.59059507360999,59.45971699461623,121.20634618133307,76.76925162689804,67503960.89523761,1.529587918878745,1.3877709552398851,235.1879940501488,17.99902252443689,0.064284325095608,6374.27097365066,166.39930819134975,16.07678174994652,0.0506550431676877,6614.269779872269,451.6,43.940000000000005,0.2574274076993825,17294.758,463.3,43.06,0.2164971751412429,17202.094,-0.0501912464029119,0.0745352499555452,0.7512072516622078,0.3442682287368955,-1.8641455526612167,-1.7795285420495022,-0.2511790517205621,-1.727367862634778,136.70441988950276,18.002048448788784,0.0643687549952382,145.1271532086698,70.25660985323297,16.07332950881768,0.050527592321243,77.91120795267021,1589.9564118147046,484.86085746340586,3401.000924989375,1418.7762376850449,-0.4433804781341676,0.0747536292056934,0.7634885197071934,-0.745469091912553,-1.5861860416767948,-1.7796547133245249,-0.2524787448069268,-1.4093488479011105,-0.3825279384902517,-1.837288713025927,0.1435977485344063,-1.874076186682208,188.3,43.06,0.2164971751412429,200.0,43.06,0.2164971751412429,149.3205628804982,30095.050314538843,128755.6558859012,20957.359954767413,18.2869856676432,4577.979922754924,16765.00094433418,1261.9629098276096,880.1824000000003,37104454.336,559820535.4800003,9678496.586400002,ok
385.csv,niO,Tilt,10841.802475583669,0.0318250930634929,48134,0.1376439220870429,-0.5721499093580902,10841.782253022931,3271.9332070690343,4210.955661339998,11.024508311233827,0.2471475660683612,49511254.5390216,185.03720150139657,998.2540122486014,22056.763452493567,20077976112.125927,0.2742534545173282,2.084812601129693e+16,331102037247059.9,180657204689609.6,20054274203103.78,43815837.39388736,36735590.09829158,8662408.040853452,30.19975882137053,55.36622450584598,133.38226812771984,29.010052447552454,77870530.21159858,1.9414060457800293,3.9223641053837337,235.2184098639456,18.75204931972789,0.0639287753490915,6755.734283163265,166.4243439376994,17.147806597726298,0.0523200563109511,7060.832790098142,452.6,45.65,0.2807133099141295,18267.66,463.8,44.82,0.2155347384855581,18205.884,-0.0556921796156179,0.0949796353224855,0.6371035566707905,0.3354389729412768,-1.8670026665058657,-1.792008738336197,-0.4478134685745831,-1.7419649377690365,136.6592261904762,18.75801020408164,0.0641065624319542,143.1392200255102,70.38081475517066,17.1411544662361,0.0520469367807229,80.66574090391218,1583.0053983843538,489.6862294439748,3408.188509566327,1425.2715150191516,-0.4491240012914342,0.0953462690325455,0.6619453267797775,-0.7440855158875422,-1.574544594304318,-1.7921996234738533,-0.4576606261757385,-1.408818471840052,-0.3448921577080153,-1.8738741986264864,0.1302245608190856,-1.8872766151905296,188.8,44.82,0.2155347384855581,200.0,44.82,0.2155347384855581,211.41841793942544,28181.89562810839,120948.61875262596,15247.899339926544,26.47150255806844,3697.216728856493,16748.081074060112,1606.0053434546785,1621.465,30852382.4512,604790454.7348,5115565.7226,tilt
188.csv,iO,,11376.49355968156,0.0313335880779518,49357,0.0940403143746836,-0.7538925023519356,11376.36640554189,3058.604362430433,4074.253702402717,10.638370745928787,0.2224232123731084,44844354.9341453,196.99209645672943,1036.892725970327,21367.315122373235,17818782770.14055,0.233453155507951,1.5601278457407524e+16,232137737215995.3,109065612094757.02,12755011051246.09,30843254.181173228,28741583.69095337,21639219.00298116,36.683225066870456,58.08177302254489,122.2774168895682,27.42456896551724,59656008.20077658,1.7929621912459297,2.3987831363011463,236.6270819952901,19.074992506957827,0.0675164612415369,6763.030982658959,166.26746567567443,16.582421106673316,0.0524703071900731,6861.520940484685,462.9,45.4,0.2856118362789265,17992.961,474.6,44.62,0.2409148665819568,17909.358,-0.067689064096543,0.0198907019004244,0.6834577278683268,0.3083340091017183,-1.8641295311213448,-1.7577169480702386,-0.2836133586823477,-1.7300565146665,137.3373795761079,19.07971098265896,0.0676330464031982,145.55006850781416,70.12040598001629,16.57690489930633,0.052292945037488,78.40148717661103,1606.5922795975168,484.07870576822745,3458.6595953757223,1416.21058176011,-0.4643588844250422,0.0202236979634388,0.6995391741596763,-0.7714030412699706,-1.5600062044299416,-1.7579055777151495,-0.2861464065025272,-1.3703085646409894,-0.4479217915661185,-1.7898388765442963,0.0667279887420371,-1.886816596347199,188.3,44.62,0.2409148665819568,200.0,44.62,0.2409148665819568,111.30194592594717,30566.09256414114,119830.73807115588,15623.562797874698,8.638619352223202,5218.531212909795,17069.148210222447,1481.58903585913,315.46000000000004,42252637.68119999,534177595.7792997,7714888.596399999,ok
236.csv,iO,,10890.66181927214,0.0425834766621196,48605,0.0326053978903371,-0.4277961638486856,10890.646974505067,2957.400766136833,4015.7955716365886,10.737789268197666,0.2139345388591078,40960875.33014937,192.92890165903503,973.4436734071965,23016.00394742888,16896456309.645107,0.2532339340504307,1.6476462620532106e+16,243132036111781.6,125049585656908.38,14774053298337.145,27106557.76461607,34828242.63394647,29824519.018914625,34.161674871004095,56.936124785006825,142.34031196251706,56.45161290322581,50595190.98027405,1.6534842547096746,2.067204671411055,236.95686106346488,19.4476307890223,0.0730078777551456,6814.912881003431,166.1271978304107,16.459344693312225,0.0494991824883927,6890.23483927114,455.0,43.99,0.2918198966620192,17419.873,465.8,43.16,0.2312359550561797,17365.677,-0.0696737610642605,0.0109232667746194,0.8041847542309163,0.2992686720534741,-1.8665685636835807,-1.8059678551743097,0.1121986300594368,-1.7749004012305365,137.49879931389367,19.44999785591767,0.0730847983948797,153.71996912521442,69.91019832304814,16.456499205322498,0.0493579236663999,67.75232029005349,1610.6445407375645,486.7864715570859,3454.2566069897084,1406.728243282732,-0.4621007199361998,0.0111209759172845,0.8226864364455936,-0.8287668519810754,-1.5626424241207808,-1.806147968927912,0.100595858347118,-1.1911285144231232,-0.4542526845019738,-1.7906693042638038,0.0784399351569416,-1.8775617849367456,189.2,43.16,0.2312359550561797,200.0,43.16,0.2312359550561797,113.96150446971173,30215.27301577425,123450.4457618286,15148.248627588106,13.879147116640436,5244.969542874578,16435.622967842348,885.4835653768415,444.576,42398231.9348,542860580.8692001,4703675.682000001,ok
399.csv,niO,Tilt,10674.46214903296,0.0368043087971274,46746,0.1797416299620365,-0.5498686574429716,10674.459154586266,3439.7644802706054,4332.750826468452,11.094912146909902,0.2589863448379749,46155111.44924895,189.23258703371573,983.224921572256,22406.316423538643,19269825537.79416,0.2930490296596947,1.988724595891421e+16,316834703810985.2,200107147567458.75,28431097276084.24,33861818.023847274,42894075.130071856,9392422.634456508,27.880452001267287,58.295490548104326,131.79850036962716,58.63458188153309,66754680.90020944,1.4603457151761652,1.6062255330409076,235.35780518928112,19.14882815823054,0.066992196805676,6881.789716716291,166.30826252830775,17.178269908218326,0.0498913660725479,7127.609917318001,462.4,45.94,0.2625939310503069,18443.566,474.1,45.21,0.2044742729306487,18399.232,-0.0560181092947542,0.0901775357115748,0.6389930701740317,0.3224269535522892,-1.8679553666978543,-1.7743753755026446,-0.4207757873068423,-1.7386073724282345,136.77260740110592,19.15082730752871,0.0670660393210271,147.1967830710336,70.24879579269965,17.176006089003597,0.0497680420149541,75.7446509205444,1586.001491067631,490.8379803078636,3426.477373670779,1424.8880770695837,-0.4491092440693883,0.0903117377040078,0.6520652034122771,-0.7674769954152063,-1.574653980920374,-1.7744473163606378,-0.4290136710483656,-1.3551870188573312,-0.3525708956247138,-1.8716199875065247,0.1095840547423507,-1.8934665955176109,188.3,45.21,0.2044742729306487,200.0,45.21,0.2044742729306487,121.89845579040409,28470.13912640333,118886.60005864376,11753.109766484802,8.582083070572029,3604.452545334484,17881.721982441257,1759.9379809068548,398.3912000000001,29317603.878199995,589593435.8519999,5351006.144000001,tilt
391.csv,niO,Tilt,11820.513869594768,0.0296226159880968,46116,0.169887067873232,-1.0222336508375676,11820.50426527322,3375.200157749557,4390.896890290325,10.70203554694864,0.2653771979980271,41592154.218836285,214.73306500107176,1086.6051521270876,21441.595932958146,18516410044.770844,0.2725939369685593,1.4937754214406636e+16,188449142778634.28,129961849718464.05,17243801117995.115,40273260.77021279,28703399.08263751,7797029.76753173,29.216826727985925,58.43365345597185,133.09887731638034,29.48835784313725,83001803.9719687,1.9125244006551405,4.0631809137195045,237.00690394511147,18.97174313893653,0.0650487110562649,6795.455348198972,165.98521714049508,16.77708143284482,0.053048253995111,6917.376284046572,456.5,43.84,0.3331579490353863,17149.666,467.3,43.01,0.2701949860724233,17087.616,-0.0705685596752534,0.004991885668447,0.6466535659357974,0.2718489826454922,-1.865160318890988,-1.8345331694874645,-0.2781658835786995,-1.8158639404788743,137.61689536878214,18.976858919382504,0.0651971721327422,143.34238014579762,69.88130841232442,16.771184576534445,0.0528259362061226,81.24775445065552,1597.7947647941685,487.2310211650351,3439.688211406518,1419.8332303183734,-0.4659089730988526,0.005297943441098,0.6658265598263963,-0.7717010891835651,-1.5598664442595351,-1.8347693793791784,-0.2804102505694912,-1.3629424967115953,-0.4064489176540734,-1.8279278363214184,0.0924935754814302,-1.887313428978488,189.2,43.01,0.2701949860724233,200.0,43.01,0.2701949860724233,238.98682032562857,30213.0848914581,120285.78329571673,14391.990980447888,12.83892922859498,4762.854398951035,16741.18481473489,714.3344577196137,1065.6496000000002,39290454.4536,524226610.1048,2805584.0072,tilt
199.csv,niO,oil,11044.27147215382,0.0502866972477064,48733,-0.0728978010996783,-0.5648219230951939,11044.163962341425,4196.726093986224,4722.751545026572,11.439015922525911,0.336845026521922,43407962.29223038,228.22238581009128,986.4499897009604,21797.01061633741,18250059242.351704,0.5289730118010203,1.7403120557646516e+16,638901229860169.8,437584283114163.9,69183657027820.14,30024877.656702187,41556219.68091906,14637372.01542933,33.027522935779814,57.79816513761467,123.85321100917427,58.058375634517766,64272647.21549761,2.1088197624899108,3.721731907272045,235.16915391156468,27.85288477891157,0.1014564600765788,9655.345299319726,167.1047535124152,23.77860242459083,0.0972617138336203,9394.06942468188,474.5,58.6,0.5080700856088469,22016.86,485.3,57.72,0.4387787470261697,21962.752,-0.048606617126662,-0.1355119212414389,1.420795671983231,0.1792511322738473,-1.8692078147101925,-1.873807323776017,1.77668289975675,-1.82218869763793,136.24102891156463,27.857568027210885,0.1016108212852865,145.5406082057823,70.42538444233278,23.77304469090732,0.0970710620010666,77.96548872283482,1605.7790412414963,487.620412420044,3670.278840561225,1466.568920866581,-0.4311805941345837,-0.1353657166701838,1.4318346622132316,-0.7557675692433813,-1.5885899095990228,-1.873964417813501,1.7924722959788475,-1.387252535692721,-0.4338615812360162,-1.8085660084503727,-0.2338956822875297,-1.921093746285618,189.2,57.72,0.4387787470261697,200.0,57.72,0.4387787470261697,193.2641094977791,54163.21290475595,190317.4306731136,12168.259479503611,21.926490656016707,8219.587590401214,18398.61695033916,605.2386098347713,1226.9276000000002,114492361.98839998,948806670.4327996,2440999.6436,oil
377.csv,niO,Tilt,12863.308301752217,0.0234022399286788,47501,0.0766064633288591,-1.1565275501247014,12863.30693199782,3211.2986506131533,4296.496028958859,10.738495907675574,0.2490671433905182,56468006.51504227,209.4217050299974,1203.420319723377,22096.732003098183,27331883273.728672,0.1984960675318705,2.6252146003499936e+16,233915915018330.4,140950693961772.22,20345513924254.78,48499698.90320014,53269700.80270172,8267111.474024167,29.41995876748204,58.83991753496407,131.05254360060178,29.22207446808511,118919885.34071152,2.1772963702738752,5.543398771763137,235.39534240748617,17.101250531688642,0.0600226325243793,6079.062452573374,166.34300868569326,15.291712251115456,0.0502937367389347,6246.545150320172,456.5,41.79,0.2880777706116306,16583.492000000002,467.7,40.96,0.2184349134687735,16536.042,-0.056664762970158,0.0451619145505234,0.9073047737163806,0.3205407973418671,-1.8673844304720355,-1.816995911578645,0.1789685251408861,-1.7371312836551631,136.77643555933645,17.104695874096134,0.0601338774757209,143.1602496809868,70.28350836723331,15.287776694309636,0.0501205958498241,80.6590554107059,1586.9679081242025,490.0693075360886,3415.3812905146747,1423.7223120601218,-0.4505763816955392,0.0454029026225715,0.926933798701684,-0.7465057067422767,-1.573645234042262,-1.817162543915544,0.1766482723382627,-1.4049714286774222,-0.3587548692936283,-1.866673103705244,0.1197943932946691,-1.887974882477986,188.8,40.96,0.2184349134687735,200.0,40.96,0.2184349134687735,164.85881711742462,29614.183041970708,114710.39597956202,14243.422386593607,10.357622090321843,4091.746649159495,16722.189978797625,748.0295117575753,475.219,34535741.608799994,472122533.96960014,3461793.198,tilt
359.csv,niO,offset,10866.536089052626,0.0378696439348219,45315,0.1032008090013718,-0.6120139945575289,10866.461791211295,3313.6337511598085,4188.64308498076,11.119605466701632,0.2467058525164586,49112485.03201054,191.35667349042285,1000.808908826293,20703.316045158208,21027390639.172184,0.3092034755617823,2.268478573762352e+16,424485884894645.4,208485784531790.88,25401868290483.96,41175328.48419941,43939357.84510374,15039768.866218269,28.96801448400724,57.93602896801448,130.35606517803257,59.07149280575539,95179131.3507527,2.0249841532594366,4.037503757242271,235.2072035699108,18.75570123246919,0.0656341533685565,6704.60637675308,166.23551080073014,16.52237682309553,0.0512688888715565,6817.633906655879,459.4,41.35,0.2430330469379705,16257.748,470.2,40.47,0.2186602870813397,16177.644,-0.0539104381761948,-0.0005157417565706,0.7730808378319869,0.2621185853501039,-1.8705165861718265,-1.8572053089516525,-0.1043867074374094,-1.8235064509722905,136.7123459413515,18.76013387165321,0.0657101418520725,145.23693412664684,70.16367930990893,16.517244925821196,0.0511605075696848,78.29676915180892,1587.2865575860606,490.239318546494,3449.9010206119847,1424.9398063394417,-0.4416267957205165,-0.0002421565220036,0.7826704679875127,-0.7504525809171098,-1.585726630993051,-1.857450861781246,-0.1019831582425863,-1.4003318312637936,-0.3589265451107952,-1.8665184836915272,0.0707538945240632,-1.8963381988647847,189.2,40.47,0.2186602870813397,200.0,40.47,0.2186602870813397,107.76394625112653,28925.915902632747,111976.14490361356,7633.043682018931,10.20786757406089,3945.454364212182,16177.61564113132,292.87144986610014,303.3978,33711876.871400006,505880820.30750006,691056.9800000001,offset
169.csv,iO,,10458.980723416862,0.0438601697430114,47281,0.1003250898562383,-0.2464793952768134,10458.60388749331,3348.326750976375,4365.652557037871,10.85131509672313,0.2632130526401887,42914763.71557362,179.68288292472178,962.6400070936064,21842.02285503188,16452906258.749117,0.2487960473882732,1.5173960653972662e+16,217946095523821.6,117762069229818.1,18491325853514.47,34472899.90472156,34665817.899780855,12410411.465066126,28.488337586800405,56.97667517360081,122.49985162324174,27.57076653306613,60890893.94226897,1.700643761799465,1.7490482059860186,232.7710912571793,18.709310784939376,0.0664210729680632,6612.774209742608,165.08144086912375,16.815222125856838,0.0529797123838854,6872.7136431353065,437.0,45.75,0.3067728442728442,18110.512,448.2,44.92,0.2585585585585585,18026.396,-0.0502774991265944,0.0803185609775271,0.766190349562264,0.3361412954406311,-1.870958822267038,-1.7859172622015052,-0.1148463068468528,-1.7384634348847008,136.0010848755584,18.714673473729,0.0665412295726141,145.06461199744734,70.48533434976085,16.80914161251973,0.0528028416640084,78.6217555800717,1589.1615590299937,488.2821566506676,3406.720692618592,1421.474224796761,-0.4243675179013941,0.0806791406489217,0.7821558085613932,-0.753174782169809,-1.5928733563462871,-1.7861238923763354,-0.1138106490369259,-1.3941451131960927,-0.3718637308910253,-1.8540944484611264,0.1384585168719655,-1.8804062230998733,188.8,44.92,0.2585585585585585,200.0,44.92,0.2585585585585585,171.8608148946409,29717.285058256675,127444.82842988156,17706.851706700803,16.265333446263824,4365.1307399962825,17083.013454824955,1175.5299939950378,779.9937999999999,36087433.98,602131378.0432003,5286338.096,ok
378.csv,niO,Tilt,12172.916664977978,0.0258814900193849,47182,0.0880463687329245,-0.8945961976827581,12172.89854302736,3484.9938780435346,4449.867150893829,11.035135795201352,0.2754217540587366,57351866.44051186,203.1856320247908,1130.2753247846294,21422.283973451853,25689035921.19867,0.2526477377563936,2.6405291626298576e+16,353164682193076.4,202852313901168.1,30232552712969.18,33789162.497729704,63987043.215903215,12013703.543053338,30.17760779588201,57.8404149421072,130.7696337821554,57.515337423312886,79470616.20080781,1.8930878433756453,3.1114783919073217,235.40121199234528,18.530667658941105,0.0632891923880346,6656.031960238145,166.50121692266302,16.79688160293628,0.0527767732030907,6897.482223012269,452.1,44.67,0.2555334621065788,17718.564000000002,462.9,43.99,0.2093796159527326,17631.192000000003,-0.0549283361880282,0.0600636120840733,0.7076250224465926,0.3132404600190313,-1.8669698141796685,-1.824534173686708,-0.2825596631277411,-1.7744677497234558,136.71112056134382,18.5328364873485,0.0633545027860694,142.24112481394857,70.30772125065191,16.794451259302274,0.0526815425707265,81.9589033268325,1587.7355634701255,490.2734773190051,3416.9020438018283,1425.3086465134843,-0.4485283853526331,0.0601887131015048,0.7158423932545175,-0.7500205956670403,-1.575700375918924,-1.824611711054784,-0.2828978053363804,-1.3948415220420805,-0.3606219296800137,-1.865553714457284,0.116888958898363,-1.8940104133337496,189.2,43.99,0.2093796159527326,200.0,43.99,0.2093796159527326,265.917974492508,28641.881971374925,119579.37308248944,13033.209213337184,15.636266700009626,3707.913613225417,17667.48789944854,830.8403615988337,1304.5908,29998594.28400001,555855485.4498003,3328996.2988000014,tilt
254.csv,niO,oil,11718.918506490363,0.0518180111396207,48157,0.0325883775951848,-0.7310168169750337,11718.44030705817,3659.51346469148,4386.365172585506,11.118560447142931,0.2842301036556675,39127832.10626192,245.0865064950081,1029.6313831511495,22776.722090381583,18207863771.303097,0.5081538674592464,1.6520345321176172e+16,711202124101156.8,265792767378938.75,35980293225805.21,29422305.372582234,34256346.64553148,27049320.37763177,33.04336942236686,57.07491082045184,144.18924838850992,56.62307445442875,58086160.04503307,1.768226881738732,2.9997345948063643,235.12387837550497,29.56352966191793,0.1080411807159228,10306.47453157559,166.4133254552676,23.594081895933968,0.0909637541720935,9536.086901256827,432.5,58.55,0.4721561371045907,22935.992,443.3,57.77,0.4217287866772403,22872.11,-0.0560119634241657,-0.2218579796851787,1.431734435648357,0.1015733928655729,-1.869479819597162,-1.793953447760549,1.8684976094931285,-1.800858620034825,136.56427812034872,29.567450563470125,0.1081430309234098,151.68324324899,70.40664428209128,23.589115056656,0.0908278653840393,70.40138264569622,1610.928352115671,487.02427513422657,3793.782416755263,1451.5721363237187,-0.4401310904598844,-0.2216966698489303,1.4408542703061773,-0.8117430127362436,-1.5832458992783256,-1.7941416506692958,1.8802512272889995,-1.239969567898999,-0.4549915768820013,-1.790778282228589,-0.408167244362449,-1.8114124155703608,189.2,57.77,0.4217287866772403,200.0,57.77,0.4217287866772403,148.52578820263287,54182.34883884669,179605.24564425275,11828.171599649268,15.852014843658395,8349.999667732129,14582.29179105578,562.1587112823586,733.3736000000004,116530267.02040002,635145852.0511,1391458.0368000006,oil
367.csv,niO,offset,11171.59570150839,0.0402971405311895,46445,0.0519710176550936,-0.7248746656856637,11171.548862117184,3337.708500684105,4150.912169739377,11.14999114028329,0.2467867793144695,50801255.7094802,205.93515288369665,1021.4057633432074,20824.00096323778,21708152016.57611,0.3939248198907558,2.333137599272099e+16,507271790801505.8,240803260775048.62,25107187467966.098,42924484.64717838,40383973.44741331,16043237.317255974,29.307011295410607,56.171771649537,129.43929988806352,59.25495198079231,92090901.21553776,1.9313490465602887,3.6268825813388057,235.28257173219976,21.171451647183844,0.077683601156637,7516.695359617427,165.6038839516284,16.86358195462652,0.0572259784028212,7141.0902359619695,455.1,45.55,0.3762024264233929,18173.395,467.3,44.67,0.3567510548523206,18122.619,-0.0500864337230707,-0.1307176643813641,1.4262118350591664,0.1529811699490783,-1.869420150717021,-1.7031010678529488,3.461736299642979,-1.7902406054208166,137.071477151966,21.17287141339001,0.0777112934596469,152.38705589798087,69.66405848259956,16.861767150401413,0.0571846247074962,71.87933106699718,1600.7386811902234,488.0258067361282,3617.035410839533,1417.575922416283,-0.440639811782314,-0.1305997599998245,1.4311062771253995,-0.8634290086166291,-1.5812507348159013,-1.7032022384868777,3.4711592343566755,-1.2257881696156243,-0.4101534593719764,-1.8260603252109773,-0.1543667477413691,-1.8701685392653944,187.8,44.67,0.3567510548523206,200.0,44.67,0.3567510548523206,164.14025655397646,30183.765524470444,114712.8771376066,11180.182867591046,13.480879410379451,4244.202620253895,11952.496785175084,969.710243275919,692.5286000000001,36834295.1328,249138941.6703,2198868.6394,offset
342.csv,niO,offset,9131.048670785,0.0531214798126519,44972,-0.0525817327450649,-0.1083945317911374,9130.81095310756,3432.691940517752,4134.17025715886,11.064372921755416,0.2432752233829501,34937291.05504894,180.3606140409403,804.045534369008,18219.01756597708,11649931941.483915,0.4132264794050945,1.1317691754449712e+16,399053302842997.25,120997500553643.12,22812512320136.41,26591339.28104617,20318014.98195058,28271459.66791697,28.457935613920675,68.29904547340962,133.75229738542717,11.032640515222482,80138772.8655431,2.444323332442305,7.336803003426315,235.355302869288,19.68460148777896,0.0689803037412081,7055.260870138151,166.2134619650033,17.753409667468247,0.052678921169401,7357.197308532402,448.1,46.48,0.2606957117644849,18633.984,458.9,45.75,0.2387626262626262,18537.9,-0.0551650774933176,0.092939135438603,0.6532498951407699,0.3387994424238775,-1.8704416999187896,-1.7856396385144275,-0.4229573442379739,-1.7389268703883185,136.80722635494155,19.68862486716259,0.0690447294455815,146.8601961742827,70.14409078766933,17.74888113990004,0.0525874224236111,76.11647608363647,1586.5292267800212,487.93323324093546,3430.990259298618,1423.404675218271,-0.4444612964552288,0.093191721995453,0.6604341736431658,-0.7611357254999555,-1.583544253648206,-1.785777681034122,-0.422420385910462,-1.3701243274003807,-0.362977872080789,-1.858700825100108,0.0937728905200916,-1.8907978123787903,189.2,45.75,0.2387626262626262,200.0,45.75,0.2387626262626262,115.19887945833368,29951.697586206872,120057.90073790873,11371.639161815508,17.093565621837424,4111.514065599519,19061.861542093386,1228.298127271281,601.6948000000001,35094443.98779999,659548407.7916998,2577453.1284000003,offset
172.csv,iO,,10874.538440207452,0.0439428502821467,47602,0.1321560718290422,-0.4308952974431133,10874.35357975457,3405.1526890978494,4337.255306425517,10.862263434077388,0.2563106135682226,42447203.58950148,189.2856875626176,998.0903760491703,22314.105294973782,17573125371.89425,0.280190938618901,1.5939456815477526e+16,307038810424601.75,138852686675153.8,22307102631320.254,32626806.76054808,34132422.455554985,16682475.208026225,28.814983791571617,57.629967583143234,123.90443030375796,27.828839869281044,59713836.22564194,1.6815043205069748,1.865996027212077,235.3075515847692,19.15210380770049,0.0690825767847348,6784.028516060413,166.57494679056774,16.97282724159565,0.0529399780531019,7018.153149590636,447.2,45.84,0.345762489946318,18371.802,458.9,45.01,0.297875166002656,18283.062,-0.0564277047067264,0.082358879605669,0.8519719990038523,0.3526682986123866,-1.8652627446494563,-1.7482161795027382,0.2636377053068086,-1.6901000376956317,136.64254413954478,19.158304616039143,0.069221180232192,147.7494950010636,70.48432457566318,16.965716051683057,0.0527292159745377,75.12394999884992,1591.1556796426291,483.995292410437,3444.562174218251,1422.141995425617,-0.4509738085831569,0.0828080769976173,0.8729342791714184,-0.7701853302674387,-1.5741226711788947,-1.7484434632148482,0.2677680769833133,-1.3458767569578252,-0.389636734267118,-1.829050852929484,0.0765902335693245,-1.894131855730221,188.3,45.01,0.297875166002656,200.0,45.01,0.297875166002656,132.58255729104164,30334.91923951676,124541.29147039114,15328.334139721668,14.477765377683204,4554.583042737238,17941.91462364753,1672.3270770849308,626.5752000000001,37653350.90559999,605886523.0639,5566723.843000001,ok
171.csv,iO,,10950.168681426116,0.0423901940755873,48999,0.0558286686359674,-0.4367422791327158,10949.7930212272,3196.545468028804,4178.24485004498,10.6996595492837,0.2454746301420674,40761518.99644582,187.4693830529771,997.568634397552,22041.354576471444,16480486046.857302,0.2622971440648453,1.4320759635684328e+16,261313037537879.25,115396096059843.4,13432340584978.402,28514719.262779217,32395870.105683587,15941991.559363546,33.70786516853932,58.22267620020428,122.5740551583248,56.9078947368421,54538256.38612954,1.56346204441312,1.5343908327671167,235.1862611654615,19.167518077413867,0.0684600625504627,6797.200246916206,166.50517818163925,16.878172045097397,0.0520479611434112,6994.859359279074,449.2,45.11,0.3221527449246149,17978.174,460.9,44.23,0.2582183186951066,17909.358,-0.0561928747684696,0.0398023255270073,0.6595722984411972,0.3186389099560436,-1.8666302026068664,-1.7929990107667344,-0.3000977771837956,-1.7581715569768577,136.60342407486178,19.17303700552956,0.0686110449118824,146.27740982560613,70.46301824351399,16.871781366335398,0.0518049040736767,76.91620161087533,1597.7706914079115,483.637713586001,3430.502299872395,1416.300907310332,-0.4494865343468233,0.0401821154308804,0.6834989464464242,-0.7575984927195322,-1.5747139638209355,-1.793254625068853,-0.3102454240749184,-1.3812388592035238,-0.4163333651674024,-1.811257663564445,0.1029225671334035,-1.880490184416582,188.3,44.23,0.2582183186951066,200.0,44.23,0.2582183186951066,123.59830653346742,29713.991946124304,125886.65692430457,17003.638765553278,12.86081750488919,4807.824419159892,17350.66455463234,1280.310353285533,459.2458,38718960.131,588355433.4126003,5035291.616599999,ok
426.csv,niO,oil,10909.27861547438,0.0637319316688567,45787,-0.1289602239162242,-0.625956978942436,10909.243101528,4036.498156113644,4561.733280505086,11.376958583051303,0.3152498301822692,35455050.01951598,247.68456826514773,955.0746766072508,20661.13620385528,16577018243.234425,0.6223198340798416,1.5462392974838276e+16,684330279920114.4,460525028252484.1,71009030616339.5,33837112.73077659,24945856.90339396,21415341.91018165,31.537450722733247,57.34081949587864,120.41572094134511,33.56417037861915,52775948.11023152,1.437859228628927,1.2337643266476714,235.47428814279644,29.818429664258392,0.1094661980457996,10394.946940501488,166.27907030610604,24.059511416164025,0.1006040406775578,9668.641832285934,430.5,58.21,0.5462711879737332,23007.872000000003,441.3,57.38,0.532345013477089,22952.570000000003,-0.0481171084209589,-0.2103650177488646,1.4042952294946214,0.1065325269096097,-1.8751329974604,-1.7999630929687631,1.6983700205675882,-1.804306059932096,136.74925626859329,29.819487887802808,0.1094814038384074,149.18748555036126,69.7289181931714,24.058183561384865,0.1005866706607559,76.32645378615888,1605.281723969401,487.2133683228356,3775.365844666383,1460.9760503847342,-0.4280527598675553,-0.2103240614451879,1.4051615851993244,-0.8509004527475519,-1.590392480361336,-1.8000087390628274,1.6998627155850894,-1.2597284078434974,-0.4299424988699248,-1.8093371964756,-0.3781635095759226,-1.8422759676400724,189.2,57.38,0.532345013477089,200.0,57.38,0.532345013477089,113.6747889481728,55615.00287303945,166842.24390721577,11735.303686670064,8.598408667069846,7434.934476606285,13332.791558189996,473.8155138871147,323.21200000000005,111756355.1736,478575129.1688001,1504704.4935999997,oil
228.csv,iO,,9885.786492713927,0.0565710683895367,47377,0.0841084675996559,-0.0234467401316322,9885.697140032238,3254.058298722032,4216.149294760487,11.102048951388356,0.24008127650005,38401077.197952986,181.0920027558072,883.5036935354044,22381.93504174281,15738769290.586891,0.3316838571728859,1.71694891779185e+16,322966227474610.3,193707797941004.47,24597016487448.42,33607923.6559404,30239656.830907986,29742884.789719377,32.77655215884022,57.9892845887173,143.7125748502994,33.36967054263566,50046431.98512866,1.544490211322159,1.7157074239828676,234.1440017137961,18.85404241645244,0.0683168479989284,6643.964392887747,164.67474809312614,16.764540611142166,0.0533480001700426,6876.144673761606,444.2,44.67,0.3830226818662592,17782.189,455.0,43.79,0.3137313432835821,17703.188,-0.0636026221832792,0.0714415925526194,0.998774017022446,0.3304362569705194,-1.8719904460207013,-1.8017084307891704,0.9258802652914456,-1.7451259911288153,136.74473007712083,18.859155955441302,0.0684561486869806,148.56012574978578,70.10013301007767,16.75868054653156,0.053122546788934,74.65591763025583,1591.8148508997429,489.4586968562391,3411.5645372750646,1421.1788642314698,-0.4341949435906602,0.0718033612351997,1.0251063324862582,-0.7863157112385015,-1.5866322995322744,-1.801957096590609,0.9321837949206612,-1.3300541042244296,-0.3778608691028457,-1.8528803363990511,0.1296622659148425,-1.8822335861556887,189.2,43.79,0.3137313432835821,200.0,43.79,0.3137313432835821,123.807346326617,31191.70217039284,120154.51186606711,13229.895679595227,15.81207242523754,4445.893264312387,16219.229203500525,1727.7057504476245,530.5849999999999,39411724.3928,569537220.0126,4582845.049200001,ok
364.csv,niO,offset,11800.003091691817,0.035353259384733,46978,0.0961689246910685,-0.8762804178019588,11799.897252791674,3290.653472204664,4210.891494104254,10.976829090668293,0.249118652037547,49793822.88548172,207.088915398344,1086.742380905177,21350.80257455365,22735070201.143394,0.2742075391292461,2.271268475145738e+16,400121772236530.6,179782086336927.12,25090957719618.773,36756864.348109744,48910927.157948166,14536096.34538471,28.85088246543905,57.70176493087809,131.14037484290475,59.08018867924528,97870036.48834573,2.019552181258029,3.738990982346875,235.34956392256967,19.398025951925124,0.0664028417794072,6981.382042118699,166.42212211761097,17.687257559459134,0.0538059559747611,7289.5897377574975,449.1,45.7,0.3191354152144616,18444.35,459.9,44.87,0.2422835633626097,18392.48,-0.0554370120609394,0.100101998554957,0.6416846925513435,0.3402129904777123,-1.8667239570384404,-1.7843805708479452,-0.4604699315389848,-1.7357306899295453,136.726824079983,19.40168900233993,0.0665281566387065,144.08017932354818,70.32022315501185,17.683163083453827,0.0536047098978798,79.80793216331622,1585.8262714316102,490.3065003963378,3428.776679004467,1424.0629065215776,-0.4487880574536727,0.1003265348613616,0.6607761846471809,-0.7503705223234368,-1.576744420904192,-1.7844951363366268,-0.4721663193458809,-1.4012884989909675,-0.3534609589024913,-1.8701732067255368,0.0976250949909231,-1.8910780261821776,189.2,44.87,0.2422835633626097,200.0,44.87,0.2422835633626097,97.71494806266314,31294.23988119297,127611.87375601442,14916.894606602258,9.486126696203886,4228.553772385254,18774.25397024264,1529.059021649529,261.353,37272980.47799999,663942102.2749003,4936177.485400001,offset
388.csv,niO,Tilt,10643.634775370068,0.0355540382364416,46998,0.1998834643225709,-0.5141513906443471,10643.539162481184,3591.563538970244,4535.408610932114,11.247606196247569,0.2847687051146087,49443497.12434124,187.70631571975852,980.7009959005346,23047.22585127993,20835475364.10833,0.2797735462694664,2.3211085864195604e+16,341018725117176.0,224468713174175.47,37012831631506.805,42800297.23152749,38119359.133631326,5709287.664611737,28.09207959422552,56.18415918845104,133.4373780725712,28.7448347107438,67027355.38664937,1.449792312540395,1.184494589753312,236.96593100492825,19.827235911720592,0.0694714953872787,7114.499837583029,166.06671501812565,17.558569291986576,0.0520116025489502,7301.300616366106,465.8,45.84,0.3108632552650862,18184.102000000003,475.6,45.06,0.2714471968709256,18140.308,-0.0701035605192391,0.0431644428697337,0.6712214538095518,0.2883692541598455,-1.8669244635481788,-1.825091116704238,-0.1708690775011301,-1.8008643398602395,137.55168202271264,19.830293550460684,0.0695708370034327,148.41914527533746,69.88349133052729,17.55506040186732,0.0518545838815725,74.7861824951381,1593.3750503535462,488.57520219936754,3440.2513451896293,1422.7469430535614,-0.4648625939250619,0.0433559039819437,0.6861521896974154,-0.7916820799452886,-1.5597315756083778,-1.825234908188981,-0.1732297393390003,-1.315310827865164,-0.3866411652272871,-1.8449605907738729,0.0877916107626411,-1.8920338777123435,190.2,45.06,0.2714471968709256,200.0,45.06,0.2714471968709256,167.106123490128,29910.184222576343,116581.75431001348,9461.814440186405,13.38927020974339,4401.428122357147,17443.61659219982,782.9753953150895,698.0211999999998,36843867.1892,593384106.886,1484853.5928,tilt
326.csv,niO,offset,9709.314883004236,0.0421379738968303,44500,-0.0405278188749841,-0.4070990570346744,9709.306863386471,3230.4345462156552,4154.909499156956,10.837185640492022,0.2416396337238809,35789478.80949042,183.3619548700146,861.8568631162474,19741.103490750625,12720070166.904127,0.3652233864017183,1.183312026607627e+16,245312664215511.84,107072757396654.23,17092145026100.443,28589454.48635117,20866396.644300774,28281195.7062342,29.83219390926041,56.68116842759478,134.24487259167185,28.395953757225435,63703158.41237183,2.046358815772008,4.731414941313371,232.54887329931967,18.64926658163265,0.0664526714876836,6590.589711522109,164.93843419610943,16.624157799189735,0.0520207565762471,6807.809432489726,471.7,43.55,0.2995805443015678,16652.010000000002,482.9,42.67,0.2344019728729963,16581.562,-0.049976922767269,0.0464291804726335,0.7439321496092177,0.308344791056366,-1.872483025990336,-1.8206862605906964,-0.1264107800550875,-1.776816255470884,135.93839285714284,18.654770408163262,0.0666175667122347,145.51367219387757,70.46424501011897,16.617859492890894,0.0517548018805596,77.70283937920279,1583.9847793367346,485.87927211346,3413.0248463010203,1424.1320703674512,-0.4210163545955925,0.046789587032275,0.7716984566301038,-0.7509220269540746,-1.5942000397226292,-1.8209459266768728,-0.1364388477522551,-1.3936360625045436,-0.3586330095068057,-1.85494292849,0.1283715770656781,-1.88517442251625,188.8,42.67,0.2344019728729963,200.0,42.67,0.2344019728729963,183.71272811994487,28772.982569808788,117991.09952395278,11075.337700804506,20.258749110073225,3986.808952820069,18046.914916393085,903.0493424989468,996.3436000000004,32886523.208000004,549506364.3451998,3567013.9944,offset
241.csv,niO,oil,10509.441147230264,0.054903649477877,48227,0.0048056961687996,-0.2911901589728702,10509.409724533696,3711.1752660296047,4345.502480623335,11.362756945388266,0.2822142972477211,41723801.66299136,215.1732126150304,922.8151443143984,22135.73331110249,17026636907.884356,0.5014087269079732,1.7920239170987354e+16,769171283468493.9,331672309481251.5,38559909711280.08,27238331.69160711,37535791.39118418,29896674.85504564,33.58811497470126,56.841425341802136,144.68726450640543,57.22891566265061,54558892.76076797,1.8301780793865507,2.797787266697643,235.28270293242667,26.42793242668933,0.0977320560325174,9178.41636761581,166.9697792480745,23.34977757977533,0.0931174284282428,9217.770766844862,468.3,57.13,0.4471558285124747,21572.904,479.5,56.3,0.4247135842880523,21506.4,-0.048865046665271,-0.05658373911604,1.563033947699349,0.2294127020658083,-1.872834775662644,-1.9233100767188231,2.15390310649192,-1.8249510157316329,136.34961750956228,26.43056098597535,0.09778008943168,149.2789103272418,70.26983018237345,23.346762508808947,0.0930631804197285,72.91975564619375,1590.4462377815555,490.9265050185257,3584.1470696982574,1477.40135350474,-0.4283706855906639,-0.0564990733102523,1.5662004661994289,-0.7720246171741146,-1.5965537090633386,-1.9234080726334977,2.159697972710994,-1.3349062400809484,-0.3678377373883278,-1.8616583890327167,-0.1073499613624148,-1.9737960405479489,188.8,56.3,0.4247135842880523,200.0,56.3,0.4247135842880523,132.81365410986973,51176.37915127201,180452.23295393525,9780.130240969347,13.49741118948282,6451.199230738346,18692.286606196216,1217.7320356232824,619.1288000000002,92739786.73899998,1015238011.2666,2115797.1904,oil
336.csv,niO,offset,9682.190090478134,0.0432167374959137,43395,-0.0347086990380822,-0.4309260051715768,9682.129642699783,3574.4829526280664,4331.850671837413,10.943318481338746,0.2705990851629573,33575175.85479704,192.28137435100743,854.2703759114715,18822.297107574566,11968200782.501673,0.3839492690766577,1.0540849008219352e+16,255341538560874.8,147106043248944.94,21736951468974.02,23544365.005281683,20377424.294384506,28210362.58684972,28.24452435436417,65.90389016018307,134.94606080418436,11.076431181485992,101944431.45150328,2.682041982743635,10.753609420053822,232.73346799914947,19.57580905804805,0.0690200329938887,6950.315430363597,165.04393075654238,17.009342962034452,0.0530043867922304,6985.296481012202,495.1,44.13,0.2843336387204928,17381.746,505.9,43.35,0.2400713436385255,17312.244,-0.0490324418232326,-0.0199603939492544,0.746670785767527,0.2420842576408783,-1.870126062497876,-1.8171886788720804,-0.0956342155293206,-1.803017296097663,135.99668296831808,19.580261535190303,0.0691183420600836,145.7152579204763,70.44101521463953,17.004126087326092,0.0528564800339793,77.29770347359991,1586.809156708484,489.34552206763095,3487.7297582394217,1425.9179226679005,-0.4215355510850214,-0.0196858902417627,0.7601955688444079,-0.7534854053237457,-1.5957311093505189,-1.8174013846366373,-0.0951398287070199,-1.38230886180496,-0.3590883370365619,-1.8635124310305944,0.0222597007460535,-1.900146048898072,189.2,43.35,0.2400713436385255,200.0,43.35,0.2400713436385255,132.49799571863812,30746.274937599366,121618.24556167197,5990.541132330785,9.383535295898591,4383.918581617952,16611.88602937425,280.8396771448917,442.85280000000006,38527109.369,515259036.4797998,368001.6700000003,offset
229.csv,iO,,10270.55625608309,0.0521996060407091,47886,0.0834414165650382,-0.1649396387495474,10270.542916763125,3048.264225020608,4078.344898878429,10.881414193959758,0.2194881456717864,42273164.36216267,180.33948332952548,916.5663367154664,22081.96885706244,16209718138.272469,0.2543708446619001,1.7207496153183682e+16,244102901544115.7,147506487514399.12,17303376933485.48,27656058.464148685,35255394.996837884,30440491.36939357,34.14313854235063,57.78069599474721,144.45173998686803,57.41494082840238,52939499.14897315,1.791105475542403,2.7506051853562203,232.70582854711765,19.36604977664327,0.0724806145129104,6733.225945330781,165.01549229674103,16.62294411120752,0.0525864936312747,6853.286223711461,462.3,45.94,0.319692330125401,18031.734,473.1,45.21,0.2520997375328084,17941.446,-0.0498722598714309,0.0171161064598178,0.825032772338406,0.3090680593597949,-1.873782303359036,-1.7854937402455415,0.1181360362251595,-1.7514854067543977,135.95411614550096,19.36929164007658,0.0725704334288772,149.8864116145501,70.40058627181848,16.619107934563605,0.0524331262836572,72.32312748966682,1605.0995624335246,486.3689895938186,3441.979873218464,1415.0233483271584,-0.4188352786012526,0.0173621639392834,0.8426806146481922,-0.7903363423029918,-1.596625050998302,-1.7856787959126394,0.1110157045708795,-1.278496688039108,-0.4356711774381401,-1.8049883481430524,0.0907892765145942,-1.883240240212614,189.2,45.21,0.2520997375328084,200.0,45.21,0.2520997375328084,106.03041897596889,30458.026246862748,121930.72298052831,12676.929037371334,7.139327433349231,5135.321265122867,17548.486553926556,1213.4714338491854,316.3568,41423185.86500001,575154100.9194,3040759.490799999,ok
203.csv,niO,oil,11057.542835320915,0.0512704174228675,49608,-0.0666183019601078,-0.6148872530407887,11057.47619150752,4661.415631794584,4965.061889468607,11.64110077905086,0.3824632339970347,43522215.24195021,243.511764450316,982.7773062352492,22530.15738098173,18381950539.67864,0.6174380086579975,1.7518945358132742e+16,824025356316594.8,533069625264836.2,127663981771482.8,27389513.76936859,41049193.68801877,14262475.71353144,35.39019963702359,57.16878402903812,125.22686025408348,57.30498721227622,65026464.5242556,2.160217731429888,3.9984888173872095,235.23963791267303,29.44401916932908,0.1173064473369815,10168.794752715656,166.60738453716365,23.05758734247527,0.17984050874515,9353.592208358168,483.4,56.3,5.864705882352942,22235.796,483.4,56.3,5.864705882352942,22235.796,-0.0500582899993846,-0.2817270264121125,15.17246939830508,0.0705269406117674,-1.8684665110497327,-1.7687384665306587,367.3326083558133,-1.826817754712948,136.51473908413203,29.44401916932908,0.1173064473369815,151.68636443024494,70.18624562852035,23.05758734247527,0.17984050874515,73.20517059207145,1612.7738345047924,484.555644469182,3773.860767412141,1454.8386497812012,-0.4364682317916554,-0.2817270264121125,15.17246939830508,-0.8675571344921333,-1.5775975140039822,-1.7687384665306587,367.3326083558133,-1.2266867666353858,-0.4616484603592575,-1.7769535741225964,-0.3752983446672415,-1.8367958937214304,200.0,56.3,5.864705882352942,200.0,56.3,5.864705882352942,166.14627144914857,53720.34637589449,128537.92058163224,9726.282952552872,18.929537542333545,7285.901865769729,9520.996249085489,397.2720051169129,781.284,104739816.9226,292768737.1922,1016008.565,oil
247.csv,niO,oil,10039.580262196863,0.0633620461871796,47777,0.0390555385840076,-0.0638271825758551,10039.55121872196,3932.589405212182,4458.956339342292,11.536622448712372,0.3059152132674825,37179305.60127662,217.07296616193108,870.6703912419853,21566.454661262243,15476510913.876465,0.6060763245463933,1.6643922466265188e+16,910183031125663.6,431582216035615.1,59389724858631.32,29722147.705765978,24761684.096137315,31854073.44499296,32.97574380383661,58.34170057601862,144.58595360143744,33.50479143179256,46527322.806911975,1.626527706299452,1.9066325259674768,236.82976215984573,26.822804799657167,0.098997177414292,9348.75394793229,166.6133522574297,23.65859540183518,0.0904460227706,9433.901289936452,495.6,56.79,0.465884250565747,21917.929,506.4,55.96,0.4205426356589147,21848.36,-0.0631819551454985,-0.0562498417236927,1.455705173484457,0.2362983608546617,-1.86769789979112,-1.934628267973286,1.851940753192327,-1.836042327906285,137.17621598457254,26.82662524105421,0.0991014530489209,152.27865395328905,69.94628666032779,23.654207920952963,0.0903156719378396,69.74538306681849,1594.3703432611958,490.2159599535772,3574.1997621598457,1476.7597388435884,-0.4481617504261027,-0.0561266980647738,1.4640199524560122,-0.8200542079671888,-1.5746077693521323,-1.9347800417469287,1.863949527167902,-1.2199888478704295,-0.3845034256677166,-1.849304121902996,-0.094280155504809,-1.9748464707366893,189.2,55.96,0.4205426356589147,200.0,55.96,0.4205426356589147,129.03081640396067,54593.224911924,188385.07655773425,12399.279455176164,12.205840337842297,7528.455035818617,20179.427625181164,695.9062025630263,594.198,112223183.4834,1073286985.9451998,1945464.4656000007,oil
210.csv,niO,offset,11221.034774643516,0.0312336719883889,48561,0.0481344869979026,-0.6415224741555869,11220.890235323011,3341.6141532205074,4243.946392253517,10.943401293974286,0.2578682811790997,46971822.227848925,200.2414701818008,1029.768543049977,21759.782474413216,19307521101.667213,0.311033908465718,1.8158245328629724e+16,337811294162108.9,164362279113177.47,18741643870521.33,32197744.66141265,44261799.54873995,14958457.885355411,30.65312046444122,58.51959361393324,125.39912917271408,57.30968858131487,70121033.99801448,2.171266049567217,4.016878595953871,235.27025074373145,19.888693157671057,0.0735048600221361,7069.646587760306,165.62430671407293,15.709651415644014,0.0553935762932249,6655.365058705836,436.5,43.69,0.4124340669469503,17024.423000000003,448.2,42.96,0.4016032064128256,16972.879,-0.0511985943553631,-0.1592462983248702,2.000389769288887,0.1161143219889666,-1.8701518252305511,-1.7101420037760109,6.998830721863959,-1.8044225544547536,137.05801104972377,19.88937739056524,0.0735139051006443,152.7153697407565,69.71060955541161,15.708770753016603,0.0553808463449132,71.41853205069482,1591.7710201869954,489.8187520685247,3603.209571823205,1428.7030008627962,-0.4425181201301281,-0.159187299174934,2.002251207140493,-0.8598825555889985,-1.5792068947260496,-1.7101965221869022,7.004891120555369,-1.2403311388750606,-0.3724606180133672,-1.855526362403764,-0.12952084307389,-1.8913261275733853,188.3,42.96,0.4016032064128256,200.0,42.96,0.4016032064128256,112.36186470988292,28429.760318491488,100395.93923124032,15147.099009990154,12.954010640773054,2974.7480184761653,9025.892504528632,1576.8265719485878,473.9948,25123488.35840001,149800037.34650004,6353153.141600002,offset
402.csv,niO,Tilt,10566.200780087667,0.0438966517268652,45159,0.048926779328186,-0.6056972512951293,10566.19953245994,3720.771655972268,4590.026354346973,10.954198690761515,0.295998658775305,36486976.13510706,206.09015858609453,962.779232501944,21942.125068663627,15006575221.967588,0.3589114025897626,1.2412549219588094e+16,241568630567143.03,168353676756259.4,26698068302290.453,36268593.29406244,29324030.353040963,10786928.957810346,31.637226469812813,56.94700764566306,126.54890587925124,30.179794520547947,67970444.30671155,1.8079312209275304,3.207502993167646,235.39379515512115,18.64945176370591,0.0638192581113004,6714.34298597535,166.29784547916898,16.887621212595302,0.0516310293296209,6957.619189742673,479.5,44.33,0.2840629563872741,17606.594999999998,492.7,43.55,0.268371467025572,17521.867,-0.0522453060245525,0.0674794935078953,0.6977871446861474,0.3086603947821815,-1.86714801204804,-1.8179818371307024,-0.2752800880048895,-1.7795591618609867,136.82817679558008,18.653470038249043,0.0638736846567068,143.42939439014023,70.1213018880974,16.883110452187342,0.0515587479384399,80.3794525920815,1584.1598824904377,490.14224240843646,3417.975667233319,1424.7846457418364,-0.4452216618684838,0.0677192994132698,0.7031603543325268,-0.7465883755865111,-1.58268048092555,-1.8181298226967253,-0.2729134580374062,-1.4080539273654624,-0.3479031278234722,-1.8728728614294503,0.1203070300084428,-1.88913589053583,186.8,43.55,0.268371467025572,200.0,43.55,0.268371467025572,186.0910863775156,28704.666816147444,121328.90886191504,16678.000530672056,18.35468096371752,3775.1730444109776,18172.35249758169,695.1683045643091,834.6440000000001,31685194.9964,572124367.0014002,2920526.79,tilt
363.csv,niO,offset,12828.712886429896,0.0272793484738131,48680,0.0438906408100558,-1.1635314620454873,12828.696437398716,3490.440564490025,4515.295789182889,10.794012623882832,0.2900115264049934,46373326.08193739,231.0752515755458,1181.6303978846693,20743.10512750088,22253518341.78938,0.3084257050963834,1.82498655775787e+16,343283065826712.4,150927460192912.34,25231602584438.426,31376893.00772532,45378074.30884125,14822335.101403609,28.60358869098854,57.20717738197708,130.3052373700589,59.10596026490065,81307142.20987405,1.8509912078985624,2.923214706179168,236.12760683760683,20.68529700854701,0.0747652564485381,7374.193351495727,165.50772913085063,16.468969872635448,0.0544513422011535,6955.208905784858,486.8,44.57,0.4649237472766885,17764.68,497.6,43.69,0.3982570806100218,17712.81,-0.0616564808911315,-0.1356774349842651,1.3576816783184291,0.1360166425553785,-1.8671924121949948,-1.6926029487289396,3.2822364741774663,-1.780381318059412,137.4348076923077,20.68958333333333,0.0749206480813748,152.56489615384615,69.63334954031767,16.4634851387086,0.0541838916045799,71.78621846985969,1599.6669604700855,488.2959180457006,3622.1072918803416,1422.1870194818057,-0.4554082102353335,-0.1353151825823399,1.3954952414476516,-0.8715113744917296,-1.5619256974574969,-1.6929019410304198,3.327693597746233,-1.2039394310316736,-0.4060377773691251,-1.8292288525063736,-0.1582327530002952,-1.8745324890965835,189.2,43.69,0.3982570806100218,200.0,43.69,0.3982570806100218,123.95542688147042,29649.84480682878,113598.78041190874,14330.663482132435,18.895779485538668,3942.0887180099785,11643.407450461424,870.880656964972,763.2669999999999,34766866.45,213028493.6143999,3948834.8968,offset
200.csv,niO,oil,10476.52237662562,0.0561879895561357,48438,-0.070928529023278,-0.2863133079945266,10476.521886109793,4448.863267998114,4799.780052512229,11.672591958826136,0.3538279791442785,44529439.29081144,218.54767958760613,936.5844049711652,21741.75889196996,18017167977.66856,0.5683482008393591,1.874568743133337e+16,673825525044318.0,595158566616468.4,109015482023221.56,31988592.458180714,43369840.21710295,14786281.449838577,32.58485639686684,57.65013054830288,125.32637075718016,58.25407608695653,64683985.15489772,2.039732068449326,3.3784158181609616,236.6355674518201,27.37805781584582,0.0999526738404158,9500.309586509637,166.74986999625014,23.61182417616619,0.0963578168104869,9311.24601930182,468.2,59.43,0.5266280427557711,22454.058,479.0,58.55,0.4544058205335489,22377.7,-0.063464659371743,-0.1228666947465361,1.481269287360634,0.1777122524860788,-1.86980568264015,-1.8990732653093936,1.985188066424337,-1.8448436127399863,137.01974304068523,27.3835182012848,0.1001042007841498,147.39575267665953,70.08843368983486,23.60540676879969,0.0961729682383701,76.16515769546609,1603.306716916488,487.7884111755129,3631.44435503212,1472.316827418704,-0.4480592289049025,-0.1227024064327416,1.4922869201034974,-0.780507036448377,-1.5734944400194977,-1.899264504323436,2.001978653338134,-1.3455678000361873,-0.4244290130924836,-1.816111484956992,-0.1793524196587376,-1.946474360162772,189.2,58.55,0.4544058205335489,200.0,58.55,0.4544058205335489,118.67464781398024,56626.40933481412,189970.1338405447,12163.049366294845,16.451605162749356,8222.700695911826,17016.166492925673,453.75826081389545,536.6916000000001,118891233.79600003,946261816.0299,1673574.3350000002,oil
174.csv,iO,,11197.43597925344,0.0401329076812821,48011,0.0167801551625325,-0.5987690296410033,11196.877524919691,3194.8455507608664,4176.02417608413,10.67641114722499,0.2397881327918886,41225346.71942769,195.7612717716296,1025.2629307713078,22265.90247184655,17005795601.70957,0.2702555860833505,1.4382080510740712e+16,261169479339761.1,112601232744831.77,15008324950395.932,30578021.619799294,33974559.85362988,15338645.189989254,34.39963515538471,59.417551632028136,121.96234282363667,58.141870179948576,52844826.14344003,1.6159691353790075,1.6357548046426222,236.78684379687164,19.508200128562244,0.0705323115423759,6933.641213199057,166.13680792702198,17.194171889121474,0.0509349610194066,7160.072512090298,455.5,45.94,0.3250479267732906,18360.761,466.3,45.21,0.2717632552404439,18261.753,-0.0705616178611197,0.0741403119132956,0.7287815235313135,0.330867573461217,-1.864535507651716,-1.781120472174581,-0.0399942415172729,-1.739266545823401,137.4494536104564,19.513128347975144,0.0706616106931033,150.86192029140776,70.0653048908272,17.188489586528842,0.0507228747008026,71.59859650574882,1593.345264409685,485.3029736746621,3432.496501607028,1421.0330137542796,-0.467103936514466,0.0744972087213917,0.7513307767623942,-0.8059170314450935,-1.5566488419157003,-1.781352098699847,-0.0457568542141846,-1.2660713411022744,-0.3957751929633893,-1.830258365903811,0.0946716504357768,-1.886696564723745,189.2,45.21,0.2717632552404439,200.0,45.21,0.2717632552404439,117.597167811785,30090.75491031396,122662.77293783549,13265.643910735322,13.15258179138196,4672.798536931298,17585.607888879757,1380.695313822492,493.4355999999999,38848005.961600006,609452236.2477002,4015363.3959999993,ok
421.csv,niO,oil,1849.2104681588607,0.2398566074629297,13351,-0.1222623495059256,0.0568013062376224,1849.189060431547,6694.525720974917,4375.424132796358,10.675279127239362,0.4206987971460375,855069.1900408862,85.63348971938187,109.84619058307872,966.978122783477,122622849.81003106,1.7635771608214077,6363962240655.746,30904635965724.32,21016665561464.203,6091404781495.828,172840.61362975303,265416.69165837514,364562.942441231,46.92846667752974,62.57128890337299,140.78540003258922,33.79726890756302,47372892.78880184,1.0546664150360383,0.0277528285296044,235.2905166914735,26.92663193706145,0.0979456013283187,9408.900436317244,166.9717289489261,23.49166707401116,0.0917211851808116,9344.328438873832,464.3,56.69,0.475052565467901,22350.532,475.1,55.96,0.4169329073482428,22285.728,-0.0515767348344947,-0.0928496928335788,1.4378812361592026,0.2036610912577409,-1.8724844322568013,-1.910498407211955,1.7891066759144163,-1.8316467556043456,136.3421007867319,26.93022113544546,0.098049293142575,148.1737786519243,70.36334745027017,23.48750134048923,0.0915929983732238,74.47592932038486,1592.2388556240696,490.2017979689157,3615.98060365724,1479.5008198710134,-0.4326966699618456,-0.0927400523939928,1.4457965404900144,-0.7695040701385568,-1.5891520364621563,-1.910624379565406,1.8004763221509057,-1.3462700146976485,-0.3768521727779564,-1.854395850545577,-0.156215819637419,-1.961415518620936,189.2,55.96,0.4169329073482428,200.0,55.96,0.4169329073482428,130.2698592331066,51735.28555462322,178828.45639598317,10370.055077774903,16.325252532163674,7077.879776178112,20153.8569041758,1439.689998415148,554.3306,101485049.39120002,976808417.0274998,3033788.063999999,oil
424.csv,niO,oil,10887.233556604711,0.0583725387698205,46556,-0.1199023465336528,-0.5491991641586846,10886.95694626739,4040.863099816419,4691.936981498308,11.385449468166533,0.3288741468549701,39932132.76778768,236.306402865764,957.257461391054,21475.08136955436,17055970892.714205,0.5228176843024765,1.6404736697377048e+16,690808448131763.2,405663033920769.0,66165320016387.58,30030080.3912762,26660111.866217643,22166162.36967066,33.4553058024046,58.54678515420805,122.66945460881686,28.26582618025752,56728284.8854293,1.6129877240573889,1.8198667562797777,235.52167445813853,26.27769230769231,0.0935679592153658,9218.07445643859,166.76505879563908,23.49222395388219,0.0927060705693551,9278.266325930816,486.3,56.3,0.4268608868608869,21468.859,498.0,55.57,0.4006060606060606,21380.359,-0.0478635480545519,-0.0686218712382045,1.412900565959025,0.2183662701915929,-1.872395227722626,-1.931801253759436,1.6930444638530728,-1.8407650770371389,136.571185720357,26.28011474713132,0.093620412467988,144.373391840204,70.0208270106614,23.489482066784696,0.0926482931187427,79.38642597064478,1587.9709358266043,490.5891308760649,3576.765944963876,1482.5276871154365,-0.4283967046030502,-0.0685589732062682,1.4159157461977596,-0.7462541679558884,-1.5977702743543525,-1.9318723446803256,1.6984908624739044,-1.4134007164557467,-0.3603989963532042,-1.865996831382153,-0.1041085790425654,-1.9751767065837416,188.3,55.57,0.4006060606060606,200.0,55.57,0.4006060606060606,128.0092255395147,51053.423207494285,180647.6899642392,8907.47412666942,14.268052143696488,6169.974958158842,19604.489334125155,479.9446081887374,496.739,88452429.672,989739187.2606,859463.5840000004,oil
251.csv,niO,oil,11811.823741033111,0.0513730618344853,47408,-0.0156184467926284,-0.8534392845124765,11811.771746880248,3862.118448925754,4417.741148754387,11.219218909827823,0.2934405666710101,39797680.72622739,248.75043876915572,1046.2649901104562,22243.518311012685,18947712946.65094,0.5413881063959414,1.6793575252184186e+16,784955280959768.0,366814075498319.25,44503507427238.8,31067152.770675912,36744160.78899744,24707996.57186392,32.878759574070614,56.790584718849246,143.47095086867176,56.69806985294119,66100850.45461516,1.9694132402170168,3.8429808771281335,235.14904336734696,27.9471981292517,0.1025277697272067,9708.768889030613,167.11764791572844,24.52547270777325,0.0965123629012541,9744.267502054034,467.7,58.31,0.4736064982398528,23088.234,478.5,57.38,0.4200631911532386,23013.552,-0.0487281540343806,-0.0732834391446082,1.40018556772897,0.2383444806869093,-1.8709842917588004,-1.909933921368268,1.6476543412564233,-1.8147820474014424,136.20525085034015,27.95184736394557,0.1026407466837648,148.15731228741495,70.40763944471014,24.520108526364243,0.0963757702043286,74.58994196019418,1599.5944766156465,489.2173602164356,3609.179791241496,1473.90528156724,-0.4297402119065821,-0.0731432094855964,1.4078359095898283,-0.7719833988523795,-1.5906451774796195,-1.910089381896206,1.6588391581077797,-1.3403361058222036,-0.406596085036547,-1.8318093398736672,-0.1435825755429938,-1.9618745728160465,189.2,57.38,0.4200631911532386,200.0,57.38,0.4200631911532386,143.14985523328167,53704.53927918426,190093.2183412701,10196.828251686504,19.35085439893832,7722.033665807656,21486.469783546167,752.405337084007,987.4160000000002,110568659.4392,1145241986.6064,1284564.2777999998,oil
418.csv,niO,Tilt,12758.736208024293,0.0262622149837133,46071,0.1359970513667128,-1.1748796217752184,12758.599701197609,3422.9839760864666,4514.863356515249,10.692201119130974,0.2800108725773608,45526285.28592694,225.2849421211292,1177.7926089715445,21368.22770538024,21702960255.76296,0.2260851242176159,1.733703335801716e+16,191720402076905.03,122789770928710.4,22778531579239.426,40849192.39062899,37917834.8386856,8369117.876378465,29.31596091205212,55.37459283387622,130.29315960912052,29.19688566552901,83806572.03485551,1.7720625155491545,3.0071024521833243,235.40941351466216,17.485843603909903,0.0611421251280257,6244.331476625584,166.28556365071387,15.842718963800692,0.0503896481116804,6486.990129785107,477.5,42.86,0.2760227272727272,16838.742000000002,489.2,41.98,0.2360227272727272,16791.222,-0.0511744640958742,0.0714133664145146,0.8832461848083406,0.3254735943954421,-1.8655200729799488,-1.827728778205025,0.1428886321880691,-1.7584191305861527,136.8552698682533,17.48969188270293,0.06124045418397,144.0068916277093,70.10213916778599,15.838382842430246,0.0502488080446577,79.52927508961393,1580.2402035699108,490.0197291128484,3397.2510588610285,1425.9238663529334,-0.4445942993112438,0.0716685702084069,0.8970382712752191,-0.7430700791458356,-1.5852276107848988,-1.827905293977769,0.1472554780350314,-1.414826233740622,-0.3334421063573828,-1.8811817118595875,0.1422728718045563,-1.8854806707549785,188.3,41.98,0.2360227272727272,200.0,41.98,0.2360227272727272,115.96151207847782,29104.322741341777,123274.7094061934,18676.95423501823,14.649467514619609,3586.4116361706697,16800.240128720474,889.4631076681675,514.9352,30610247.1032,514629043.3237001,6019986.6724,tilt
214.csv,niO,offset,10582.049117461387,0.0404082700863648,48749,0.026180607769076,-0.2914835080775737,10582.024583381102,2994.50324116484,4009.306721657201,10.877824960220268,0.2179526813791661,44950500.56047688,180.11348492067214,968.8783967474236,21995.617779013017,18917346704.597664,0.2662502111353375,1.997177126425637e+16,321108947832057.6,126933088655383.23,16468746970647.51,33595180.98459235,44135267.22892104,18314516.14652646,27.63674430777284,57.78591991625229,125.62156503533106,57.11805555555555,63401544.20384451,1.917777618069216,2.808664196166437,235.31459263986383,17.753843863007873,0.0628882394068499,6301.399598170602,166.5576471279437,15.85181568391748,0.0509930658999242,6491.129071611269,455.0,42.86,0.2735268222320743,16975.884,465.8,41.98,0.2310071371927042,16892.787999999997,-0.0512096496309463,0.0697648652161043,0.8814634713704111,0.3340387626684308,-1.860182284897044,-1.7791521488538466,0.1156681880653147,-1.7152659779048007,136.6975324399064,17.759385237183576,0.0630100936829694,144.84980940225483,70.3672483828514,15.84548368922174,0.0508171484797645,78.91034580070146,1588.771706445437,489.7748322524552,3423.101126356095,1422.2698734049272,-0.4487449818954568,0.070169318192989,0.8986902065211271,-0.7528524079920982,-1.576767116375129,-1.7793862060719423,0.1201366864620396,-1.3963990366882637,-0.3657516205353021,-1.861304076823049,0.1085586487936037,-1.887213907200927,189.2,41.98,0.2310071371927042,200.0,41.98,0.2310071371927042,179.10590842631206,30249.5450391055,132978.15477555024,22698.64743096421,14.987416617359624,4376.294788838683,15375.015042367502,1714.3449557840086,653.5696,37268412.71440001,527772744.7223001,10972398.856400002,offset
258.csv,niO,oil,11106.026263316127,0.0520456290446418,48408,0.0234214541520814,-0.5294109898778898,11106.025419191252,4007.959422676641,4555.74331799295,11.429538843792738,0.3128880368827214,44619583.21172123,230.9224742255891,979.6534899755608,22433.63176727538,18818345273.55343,0.5339675526204296,1.918341418412625e+16,833982277875656.0,428251032503830.2,57753849645046.734,30815293.50964375,34500447.21287769,29751835.56669973,34.221783481408366,57.91378743007569,142.15202369200398,57.32602242744064,56966503.38271034,1.8716054769030324,3.044089911805533,235.2716563895386,27.25110142462258,0.0972374776285119,9559.165709759727,167.07872145957944,22.664386415468385,0.0914429970423517,9003.280085009306,485.3,55.33,0.4891619661563255,21152.506,496.1,54.5,0.4391619661563256,21071.992,-0.0494303814792348,-0.1947310695691332,1.490619383604607,0.0992720619261467,-1.868865697320492,-1.8443083111444616,2.0980487293955044,-1.827815355601624,136.32149691686158,27.255936636189663,0.0973407791240535,145.17860769721457,70.41799647304663,22.65850159484112,0.0913201166317981,78.52876415102328,1594.2268086327877,490.04813518176417,3723.204728683819,1467.1920555432266,-0.4331715697715046,-0.1945747727421268,1.4981023907000233,-0.7535112974943996,-1.590121919558667,-1.844480343989443,2.110897835308518,-1.3949061238082132,-0.3844493083969525,-1.8489244352473784,-0.3078513670466382,-1.88851071497056,189.2,54.5,0.4391619661563256,200.0,54.5,0.4391619661563256,183.3629793268074,50465.490352354274,173178.59331615144,9720.197773564243,19.186223184467515,6955.2575900292695,13634.8140798371,291.4262535084317,1029.482,96165070.5712,628748588.2458999,772900.6429999999,oil
245.csv,niO,oil,10238.040480188163,0.07549369171695,48961,0.0342534805295953,-0.170408216832536,10237.96262686016,4089.487752061772,4561.463263495121,11.27349535361438,0.3243379319190017,29556417.46212216,243.22612949863023,877.1365127685754,21894.94879048647,12291204158.543575,0.8445829520198228,9916221746305860.0,841581523242990.8,338977269820480.0,49412490113211.12,23614163.59397921,24774529.01190105,19687305.327304963,32.912781130005484,59.24300603400987,144.81623697202414,58.93673780487805,42382639.23670393,1.5391557206501978,1.861052707811223,235.3148479047012,26.82100616890024,0.1007156526367407,9310.02507275048,167.07292569007498,23.3620335366192,0.0899479873149519,9342.966030936726,487.8,56.79,0.521648365589276,22030.454,499.5,56.01,0.4773860705073087,21961.28,-0.050238821190851,-0.0705550332871655,1.5388835211236032,0.2285491926778012,-1.8697288909496903,-1.9234431391278008,2.245078346477957,-1.8321086892190648,136.33152520740268,26.824192724952137,0.1007804196680437,153.53052839821314,70.41884803901256,23.35833237754497,0.0898676894413692,67.46691413324494,1592.8600989151244,490.23683837856834,3589.59376217826,1479.907279146376,-0.4315482510681853,-0.0704457738589697,1.5442049365760628,-0.8298632414239311,-1.5933242487624824,-1.923577345324829,2.2537387263866986,-1.1364273925321644,-0.3789398937626481,-1.853125832142347,-0.1185606951756742,-1.9725143404723904,188.3,56.01,0.4773860705073087,200.0,56.01,0.4773860705073087,134.1982590143098,54130.13248965985,186379.0379944663,11139.558413881792,16.44690424409324,7401.965692863413,21063.59750105209,332.75224734257966,727.0439999999999,108648616.0264,1060512346.2584002,1057730.7796,oil
240.csv,niO,oil,10978.507371933729,0.0552578881853114,49464,-0.0525837529266186,-0.4584872894901148,10978.506223142676,3972.163230456562,4554.097832233208,11.445204982031674,0.3099418344765637,42796666.725026414,227.77741730608983,967.0230958170888,22266.3960909116,18589463481.42109,0.5138437336700505,1.934351961414886e+16,743488621286091.0,425954427152371.75,60046675551585.53,29710938.48482302,41174207.15459628,28219034.364069067,33.77171618769281,57.15213508686475,142.88033771716186,57.11280906593406,62737289.01750077,1.9936059941377555,3.725786689989444,234.8809604759881,29.528115172120696,0.1199342164652895,10157.120695707608,166.5951546677747,23.154870984860185,0.1848957575029442,9363.493326406602,496.1,57.62,6.201183851609383,22526.491,496.1,56.94,6.1782051282051285,22501.875,-0.0480076585906659,-0.2420366934981281,15.790856827151009,0.089071082729503,-1.86944733980624,-1.7752799420377616,385.4651598083937,-1.806440791846164,136.33134296642584,29.52873990650233,0.1199532181825546,154.85175988100298,70.2451583181655,23.1540661101704,0.1848824688159674,68.69819954284237,1609.52521759456,485.1267962077764,3772.301209519762,1457.2411539500786,-0.4300031856432139,-0.2420085411433508,15.79410474882046,-0.8820823418460124,-1.5863773025622692,-1.7753142966124813,385.570222500005,-1.1846379375530192,-0.446872233447912,-1.7904538010593964,-0.3741488391943487,-1.840096644320164,200.0,56.94,6.1782051282051285,200.0,56.94,6.1782051282051285,122.95154106207832,56201.11037884709,176179.6377294279,8668.137031445627,15.337570287590127,7988.750414413972,12505.55632077744,253.86218225147107,562.1179999999998,117864277.53000002,434515813.17930007,610953.6621999999,oil
325.csv,niO,offset,9270.694450125224,0.0440273843248347,43898,-0.0295481968218471,-0.2430128089428631,9270.59455750098,3435.815313371799,4261.689276628561,11.00384270882565,0.2582263625037223,36454899.07471149,176.17491697581818,828.477100046074,19310.10247586071,12401182218.735462,0.3602466422271889,1.1907561578229542e+16,284508299196069.4,127096068030372.88,18409382080794.4,28779843.34799344,21802997.45326964,25578492.550778843,28.328611898017,56.657223796034,133.1444759206799,28.296186895810955,68987936.3423776,2.27788113446637,6.353479576882801,232.4713132171696,20.35072885677858,0.0729814198244783,7191.54594836379,164.2588997922294,16.22821259399063,0.0564463524163611,6754.759605782169,429.1,46.23,0.4514330168059963,17927.506,439.9,45.5,0.4178926441351889,17904.25,-0.0478006526021834,-0.1812322885951543,1.364576211056426,0.1076967420445624,-1.8755495143152825,-1.69524496785033,3.685486009916388,-1.806615529486532,136.20127496812577,20.35196132596685,0.0730314789600932,147.24612154696132,69.9855734828039,16.226641764507402,0.0563693106582696,77.75461825683058,1602.8395677858057,487.3744293010534,3606.961757118572,1423.239889373808,-0.4180611598315834,-0.1811426569660916,1.3738907689042053,-0.8265291416246587,-1.588601471522474,-1.6953137485436092,3.70387918534242,-1.289107200032444,-0.4198996981207986,-1.81731395811916,-0.1291661278337778,-1.8868163725904552,189.2,45.5,0.4178926441351889,200.0,45.5,0.4178926441351889,166.38091183678705,28261.699668779394,103636.19021636048,12536.190941139675,9.10070010176005,3940.62992979168,9907.75197033697,799.211036356455,518.1700000000001,31965477.172800004,189838763.3376,2388734.955,offset
207.csv,niO,oil,11848.470293762635,0.058252427184466,49807,-0.0377884125272973,-0.8023314045703533,11848.157069787196,4324.425244285696,4723.539887165236,11.258790260912516,0.346031778544562,34561138.57227206,277.01549917519674,1035.3907198777074,23258.35830653393,16597451059.547531,0.7154580860214516,1.2765964496502092e+16,719302571436925.1,403454259412487.0,87624832850005.16,22723789.302376863,29639147.074051555,15493810.496834524,34.01601587414074,57.827226986039264,125.85925873432076,57.17516447368422,52132734.06387085,1.41625676910963,1.469785080639217,236.89789924973203,28.81840943193998,0.1025330135876952,10078.934757127548,166.66756139230395,24.032862926176485,0.0978925421422427,9543.786628263695,482.8,58.55,0.4918787878787879,22914.146,493.6,57.67,0.429,22854.986,-0.0653700902721558,-0.1946205432216989,1.369309467582729,0.119503287922252,-1.8686889244069969,-1.8445437844449653,1.6779543113166078,-1.830125898169956,137.15003215434083,28.822990353697747,0.1026658462097752,144.41922936763132,70.00128981060979,24.02729847297065,0.0977317660332463,80.02829516806975,1606.6202435155412,486.8668761043543,3726.63019807074,1463.355536824174,-0.448669827581731,-0.1944838638165752,1.378066131181039,-0.7699369440380791,-1.5731476352126466,-1.8446918560007968,1.6912057000450078,-1.3757401662038249,-0.4389632602519408,-1.8027890150491912,-0.3120842780484842,-1.8808508320888395,189.2,57.67,0.429,200.0,57.67,0.429,105.12197299450035,57322.95728129065,188272.2322742187,10826.791079320274,10.083667835018291,8696.605918868852,15419.824531250595,307.13295472042734,314.60000000000014,126931366.11600004,760212663.2962999,1010472.411,oil
201.csv,niO,oil,12060.724759066632,0.0470372201426654,49430,-0.0723426986177114,-0.8584534978440481,12060.559994532256,3489.6771815300663,4161.884078069955,10.896027795968571,0.2569827905992284,38665123.034034,249.8350305162008,1081.1825662406843,22927.12226801053,17790881207.4606,0.4684135622256388,1.3810678327420726e+16,546219827580199.9,199327419630664.47,24670298600180.53,24479666.93521621,35406073.90770214,15148350.347870903,30.51062928172893,57.631188643265766,125.43258704710784,58.33837772397095,63771196.24068382,1.80374436850572,2.6445393094042604,235.15566659579,27.87135445460345,0.1007358788882347,9756.32081160961,166.98329042912215,24.460139752730683,0.0945152230727653,9751.234622415182,486.8,57.18,0.4916671670770032,22948.389000000003,497.6,56.35,0.4292740046838408,22871.277,-0.0494281653338139,-0.08838275719074,1.3889290885725605,0.2103711778448841,-1.871244809129812,-1.9183303498806608,1.6959354874740429,-1.842189921362413,136.2728896449075,27.87348075696364,0.1007997712465523,147.58322623857111,70.35857109754708,24.457690133391512,0.0944332578679549,75.40990584389337,1594.3274184563045,490.1541255202743,3606.678066553264,1474.8002291973255,-0.4302145535112991,-0.0883240112685896,1.3939335496672185,-0.7710331006753635,-1.591036155126185,-1.918397964151684,1.702380136576056,-1.3439342214663466,-0.3843634084093409,-1.849347327370832,-0.1409857346824976,-1.962219311227,189.2,56.35,0.4292740046838408,200.0,56.35,0.4292740046838408,114.87359426770227,53509.78130906697,188258.7033178708,9715.98064605522,9.440542894159496,7281.22710290075,20428.07146333569,304.15371518180416,402.4106,104334813.86,1088549776.9588003,820577.2522,oil
206.csv,niO,oil,12327.1376325003,0.0437602451714061,49583,-0.0359054268513397,-0.9599436853589358,12326.502551736989,4453.8084982023365,4934.32670615407,11.222151684766256,0.3663175646850879,39753863.16766568,263.76735757627864,1093.21602205282,21761.840540877,18109160399.385555,0.5402464916445995,1.4009930327020406e+16,482697703024428.0,393731674236954.9,71524947369217.52,22647709.702257883,37034595.824905664,16838105.394065216,30.78896728672226,58.15693820825316,126.5768655120804,57.09134615384615,64878519.77879243,2.059824121246803,3.704981685262705,234.9634156729132,28.72442717206133,0.1161679694342765,9872.636119889266,166.499905659506,22.538096012196167,0.1572991137274259,9062.724534130071,475.1,54.11,2.9218978102189785,21502.0,487.3,54.11,2.9218978102189785,21502.0,-0.0492968565556593,-0.31333276009546,6.153470451967936,0.0635484488296832,-1.8706492986155667,-1.7668395389522709,65.9854458565753,-1.8242344061609688,136.40866695059626,28.72442717206133,0.1161679694342765,148.84360988074957,70.20321255988408,22.538096012196167,0.1572991137274259,77.3035992815583,1614.4503343270867,485.3776035282557,3765.665933347529,1454.0306628495027,-0.4297114649547272,-0.31333276009546,6.153470451967936,-0.8716876576180667,-1.5900440838278365,-1.7668395389522709,65.9854458565753,-1.2224752941270685,-0.4705970642618153,-1.7734015171276714,-0.3617621921583001,-1.845189277526193,187.8,54.11,2.9218978102189785,200.0,54.11,2.9218978102189785,177.79425579844087,51619.98931127218,96199.1046380745,9235.255185604728,11.057243494033756,6529.230441535337,7862.425151227397,222.20401693821088,663.2416000000001,92113462.673,195059647.1544,619627.0812,oil
194.csv,niO,oil,11452.160094117487,0.0436703483432455,49798,-0.0085795822110717,-0.7095458605338845,11452.126972354185,4025.842862923348,4601.16479574313,11.36458925277103,0.3117251783676651,46236429.40452641,233.2148541476195,1031.0356808473698,22125.16989642645,20036525142.46599,0.4529095951853958,1.936204229129641e+16,627909622652482.2,376622999022951.6,72631496507685.9,29315558.12481996,44344413.2109357,14169234.924394604,35.34409515717927,57.09430756159728,125.06372132540356,57.32373768472907,68858549.70059225,2.1762507696339264,3.9712000046985168,235.34679133021675,28.155900977475564,0.1022577621815403,9793.762933276668,166.10988950511816,22.558067764335,0.0960325122001498,9005.826720118772,472.6,57.28,0.5482842377260981,21845.473,485.8,56.45,0.5113953488372093,21815.178000000004,-0.0479730956817801,-0.2450756630559288,1.4424435529813278,0.0765276061244243,-1.8722040951094736,-1.7753735316735744,1.9513932395518108,-1.807477828934549,136.7769655758606,28.15706119847004,0.102297719503521,146.02059817254568,69.72282937336288,22.556601431781825,0.0959846546512519,79.75519032935254,1610.9990582235444,486.0874258688604,3778.330372928177,1452.06707740688,-0.430988755947645,-0.2450313182580835,1.4451543410229402,-0.8281813150547064,-1.5847871021600928,-1.775419991493304,1.9559606456429288,-1.2817250298436365,-0.4541699678511447,-1.7888885509149552,-0.3842587708908793,-1.826764365344528,186.8,56.45,0.5113953488372093,200.0,56.45,0.5113953488372093,178.7840812282036,52683.25974545809,168814.9627321637,9490.868752099695,9.426351024784427,7599.906370762276,11424.050782513592,405.9543336615863,616.7560000000001,105291667.9176,426740930.22660005,1136002.8499999996,oil
360.csv,niO,offset,11858.52843321353,0.0426142047349116,45470,0.1543983684260614,-0.9321890786925092,11858.502779396418,3387.580889017256,4248.669643193374,10.808011940307306,0.2595012964575228,40868731.808939874,223.01097924417127,1078.9373139319205,21081.84728058577,18633652071.98566,0.3504275846346074,1.5264938810867506e+16,346282489874719.6,178094505444625.4,20150887827810.62,31270831.23758756,37621604.41853672,13022183.74254524,28.809603201067024,57.61920640213405,131.243747915972,59.17595541401274,80288604.0150843,1.5072047923191072,1.6714625185593182,235.074787414966,18.74721726190476,0.0654454836202021,6692.709229804422,166.41037860653756,16.62591545442965,0.0515996294727236,6860.658928486233,457.5,44.33,0.2798285541583859,17863.037,469.2,43.55,0.2367628607277289,17775.395,-0.0543790910120146,0.0326395634141667,0.6890789877394266,0.2986061222616944,-1.866941885643504,-1.81295452723886,-0.3201470071940329,-1.7754207474208556,136.60673894557823,18.75249574829932,0.0655576020598846,144.51352083333333,70.39231821753584,16.61986523448624,0.0514333231201568,79.25313814817538,1592.7763042091838,489.39527464260937,3435.0752767857143,1420.0604563607892,-0.4478574830201495,0.0329741783729556,0.7039312956517685,-0.7533212416897124,-1.5759426086082495,-1.813180971834508,-0.3217353693439513,-1.3932015472512718,-0.3816390583581754,-1.85006462162536,0.0960732649680219,-1.8864657071790203,188.3,43.55,0.2367628607277289,200.0,43.55,0.2367628607277289,211.13661027443808,29630.777941387736,121180.6523509246,12665.815010060158,19.743269731626743,4336.611319312985,16724.389317520276,1010.7949393162286,1581.1440000000002,36246962.93900001,544807447.9444001,2920200.2554,offset
419.csv,niO,oil,10273.438159018391,0.0562675687264757,46821,0.0983660495578313,-0.2490986481170756,10273.435331698192,3874.466374665419,4549.800617060576,11.546349595777746,0.3014473000729685,40267284.33988558,206.19174514988944,913.8756999450968,20701.7420434234,18681500336.834705,0.462637235393644,2.198223193521021e+16,668567025504750.0,518270165131881.6,77471597406809.94,36727301.956639215,29752366.84489678,23888317.61243459,34.30368288150937,57.17280480251561,123.49325837343372,30.338196286472154,61700652.96102572,1.2734605067053235,0.8519364828533362,232.50448363790903,29.23612834679133,0.1146459722694695,9963.423890140246,164.9901891234493,22.879640312761403,0.1111763384107859,9176.39577719657,519.0999999999999,55.18,1.1107376448735056,21855.791,530.8,55.77,1.1193548387096774,21865.062,-0.0381663639362186,-0.2755833744239597,2.156774265865087,0.0808262948335799,-1.867868381401488,-1.766968045184786,7.396473127643112,-1.8193286884255195,135.91166595835105,29.23612834679133,0.1146459722694695,151.8404498512537,70.14625211945393,22.879640312761403,0.1111763384107859,73.19474615622103,1612.4840554611137,483.5059149905314,3770.231104122397,1455.9318906215155,-0.4037722813865633,-0.2755833744239597,2.156774265865087,-0.872332990959405,-1.613122557684208,-1.766968045184786,7.396473127643112,-1.224612787772294,-0.4583896645572999,-1.7761743572048407,-0.3719959499023627,-1.8395261009919448,188.3,55.18,1.1107376448735056,190.729,55.77,1.1193548387096774,127.6373419422678,54506.68665439134,155553.032450507,8283.871065845977,13.344869432326965,7562.487452223379,10509.20706047643,423.9401623812671,446.97760000000017,109281165.11400004,323905592.73450005,673263.1014000002,oil
221.csv,iO,,10887.43934658433,0.0432066018272914,48586,0.0429410674294938,-0.4147829234724702,10887.373168174712,3121.5508062001736,4205.837069834195,10.783396261001446,0.2309971225072598,42515564.42777597,191.113788467403,978.6021151232152,22849.24844797702,17185509219.563564,0.2486280624356207,1.669348365267544e+16,223773345202807.7,120885164108445.23,19927792163182.312,29607863.58538038,33872658.84996671,30551011.73740188,33.95225464190982,56.587091069849706,144.29708222811675,57.907458563535926,52403052.01087925,1.604381943352183,1.7805018633409349,232.44963875903105,18.7183127921802,0.0694281984673546,6516.60532320442,165.15729285916166,16.330989100991314,0.0530902282267863,6693.296798980537,456.0,43.45,0.3154046625003241,16923.735999999997,465.8,42.57,0.2409148665819568,16854.92,-0.0468082407858646,0.0267080458418655,0.8285418250921472,0.3222178222687493,-1.8719884390642627,-1.8125144176288173,0.0738885259597617,-1.7626240620535194,135.8077135571611,18.72332766680833,0.069590220677711,147.46983510412238,70.53672853388761,16.32512640938529,0.052819915985372,75.08124343228374,1604.0868433914152,487.3360259981377,3415.359444963876,1413.2694159356763,-0.4165241097052127,0.0270748211216516,0.8586946924580509,-0.7589835442363001,-1.5994427119637251,-1.812805403093272,0.0632383801815965,-1.3685652313772798,-0.4289752312414583,-1.812014206768504,0.1296164150501617,-1.875208705121704,190.2,42.57,0.2409148665819568,200.0,42.57,0.2409148665819568,131.10553998604647,30529.723684709068,121383.73155661044,14557.92858305733,18.5494410665504,4946.837584192083,17648.0911962363,740.8775453535374,696.4091999999999,40451780.918,559274715.3258002,3948841.343,ok
334.csv,niO,offset,9338.396603301722,0.0355429998029038,46149,-0.0086147668112792,-0.2440980947017297,9338.382599478817,3544.6855504368195,4330.419688219636,10.966272653392828,0.2761867453504049,32076226.83927793,180.27152623663125,828.2286242629683,19953.47955362073,11121768187.368904,0.4729434368668248,9689330771612702.0,257537133576143.38,136922726021522.52,17729545929549.145,26809071.90431208,18208038.390544064,24558862.125697896,28.38184087773472,66.224295381381,135.60212863806586,28.351814516129032,66712987.94669245,2.5035570237629927,8.020919250789587,232.7804000851245,20.95185784209406,0.0795607077121639,7304.205741008724,164.23565279101308,16.132294661694328,0.0638390469459343,6777.417507104049,457.9,40.96,0.5901915933196966,16466.838,468.7,41.69,0.6050682261208578,16484.226,-0.0480277341387547,-0.2545553526516237,2.3300778277409404,0.0771057510608703,-1.878560365683648,-1.7203596845133975,10.13349465439496,-1.852263820821444,136.31915301127898,20.95185784209406,0.0795607077121639,152.01576548201743,69.80138412741303,16.132294661694328,0.0638390469459343,72.0379519581608,1610.9110457544157,485.5528432743853,3624.766915301128,1417.465358210441,-0.4117562068378061,-0.2545553526516237,2.3300778277409404,-0.8587733187430516,-1.6024870655025816,-1.7203596845133975,10.13349465439496,-1.2440034797284596,-0.4554487111046466,-1.7859111369824767,-0.1571712210520612,-1.8723675286565007,189.2,40.96,0.5901915933196966,182.612,41.69,0.6050682261208578,157.3495524411974,29606.04401240169,76557.99029305005,7659.49662299165,19.82754261482315,4155.425244913604,8581.449429682278,446.0524407923941,977.0736,34524541.16639999,113347569.5206,926161.5495999998,offset
372.csv,niO,Tilt,14371.20567214684,0.0242985247324269,48890,-0.0069559163567583,-1.4296762917073107,14371.108311236132,3276.355833868321,4269.636556086309,10.464595462794856,0.2553251019196109,50013872.69828517,240.6605804310377,1333.2641121739184,21658.77646952261,26045896943.459373,0.2449986986440578,1.932737277302073e+16,269951287532031.7,133461241776171.16,15026940751121.656,38413961.92678401,41947380.61076447,15240238.417585652,27.7697425513451,55.5394851026902,131.90627711888922,29.303892215568865,96393199.51175706,1.69154756968643,2.5654359748359923,235.32717807054823,18.340639609009774,0.0633958605441306,6572.215520824479,166.224939433517,16.490133487599362,0.0513983445829933,6781.752955668605,461.4,44.82,0.2336881466977622,17656.596,473.1,43.99,0.2107599699021821,17596.416,-0.0535070495618499,0.0658575937436689,0.7426159895782526,0.3220929466999017,-1.8687880430508403,-1.7809514546231204,-0.2683228018094579,-1.7269676872034794,136.80065873353166,18.34379090522737,0.06345086489118,143.38414215894605,70.12545255662563,16.486558547679625,0.0513229348073791,80.2337859140668,1585.876637484063,489.9956591762898,3429.181080747981,1424.2368241993622,-0.4440327594288374,0.0660649777368946,0.7487533395559796,-0.740641942647908,-1.5835096820317005,-1.78106101217695,-0.266660996622611,-1.4182793970462144,-0.3541582852993759,-1.868409918450734,0.1013474190381637,-1.8913799742342792,188.3,43.99,0.2107599699021821,200.0,43.99,0.2107599699021821,147.1433782506164,29358.98791760626,117271.76233654276,16650.892334560252,10.147606671825075,3813.789985545531,18043.153206628067,2321.928916831617,417.8012000000001,32317991.596799985,531135123.9193002,8952824.569200002,tilt
354.csv,iO,,12299.016532967338,0.0364826941066417,48186,0.0732452413062686,-0.930693694449832,12298.599553064478,3046.2860978473,4102.410601220147,10.562700440556656,0.2332279736272405,42178422.83064867,209.6427851999929,1142.1771072322238,21346.633206162594,20527150763.52785,0.2472451968561011,1.6622609765011224e+16,193329868901458.0,112532447712069.34,12823791833647.213,42523282.32562201,33506344.49051781,9267022.541424014,28.86542830415609,57.73085660831218,131.49806227448886,28.66735537190083,98580072.34578589,2.33416601144423,6.998366537530941,235.2879174643693,19.21549032120825,0.0691491740602244,6789.74951840034,166.3863923789278,16.805845814204325,0.0531469912819795,6947.235144698708,466.8,45.4,0.3106149195772565,18171.605,478.5,44.62,0.2663526244952893,18094.493,-0.0539138487652364,0.0316392389458231,0.7770748831525143,0.3184979698156294,-1.866574207108995,-1.785976935172966,-0.0041008872675525,-1.742195219657525,136.70825356307168,19.219487343118484,0.0692277842254706,146.907586896405,70.26706174237754,16.801197722404694,0.0530296882931882,75.99341562633836,1604.7403941714529,487.59665587481936,3446.901145288237,1414.3289690106349,-0.4459238354931162,0.0319169335836388,0.7878570709260994,-0.7672985140050715,-1.580073954704337,-1.7861603958010632,-0.0028618184408792,-1.3513067612238685,-0.4303163680145455,-1.8114415111601327,0.0806429534416019,-1.8869025521033584,188.3,44.62,0.2663526244952893,200.0,44.62,0.2663526244952893,135.58416285403214,31031.728540937875,132239.07331801072,16982.467646276655,21.61743717917484,5198.554486573645,18009.262028259393,1838.5938439992728,981.7456,43057317.1184,597370334.5689,9021198.321399998,ok
218.csv,niO,offset,9906.343204482946,0.0443634297618484,49737,0.0704809666217469,0.0616421702832239,9906.338006361702,3112.820820603591,4098.732102121059,11.106899990676714,0.2293036275557249,47772276.22853708,170.01154548272314,904.7853701376156,22460.986897291987,18258564810.8078,0.2728045726151911,2.1343731508082976e+16,367852284526785.44,154977421471217.78,22194625038766.8,33926965.05622195,44582199.16072477,18301938.94768929,27.27143601155249,56.81549169073436,124.99408171961558,58.010463800904986,56499380.36976441,1.6166727530101923,1.7153028226694085,235.2953656462585,18.05024447278912,0.0632119704815508,6455.9244460034015,166.69007617941122,16.125623124726655,0.0493936562464296,6635.900068556761,512.7,43.79,0.3049174793698425,17068.384,522.0,42.96,0.221046511627907,17007.863999999998,-0.0468546504529076,0.0604431536141411,0.7842075095756582,0.3019849728461662,-1.854357258817493,-1.8058027989929848,-0.0490730794475346,-1.7613683653594778,136.67895408163267,18.05487882653061,0.0633615476047493,145.61031228741496,70.36566237833787,16.12032731619915,0.049141593151361,77.9386315290072,1580.3475669642858,490.8651613485334,3424.440436224489,1425.613847764907,-0.4495442842939716,0.0607665374728621,0.8144645967784426,-0.7556554262534733,-1.5745022542617804,-1.8060196434017275,-0.0657378966528305,-1.386943925854485,-0.3317600062614199,-1.8843716705454123,0.1075215488439371,-1.8901490989493053,190.7,42.96,0.221046511627907,200.0,42.96,0.221046511627907,175.90580086894153,28855.32424910023,141374.97486291273,19066.606471575004,15.042761498095462,3569.570488362005,15983.062895361756,1315.5017271690226,699.9700000000001,30867083.0448,515468855.06079984,7745780.666200001,offset
217.csv,niO,offset,11507.423715936697,0.0359061887603514,49513,0.0876598443029379,-0.6234891584486717,11506.968520573146,3070.137230009718,4064.296970597121,10.61804642541826,0.2237312862811579,42692372.33997324,193.6603010146227,1055.1462669645614,22772.702986683496,18557262054.662968,0.249966363212048,1.6223088450643822e+16,227396215162675.25,105510525315176.0,13719695636647.275,30823620.15916367,42356778.24682139,16256674.815101298,30.34325810733927,57.652190403944616,124.407358240091,57.600174216027874,64976589.32619198,1.8395698123344355,2.6793354030346075,235.30253029980864,18.44611524558792,0.0669790652613198,6548.946863491387,166.52623574878749,16.19807902977034,0.0494128042750556,6708.770081345012,452.5,42.13,0.287988787169115,16501.031,463.3,41.3,0.2322510822510822,16416.303,-0.0562706300652165,0.0305920290965615,0.9093041842017368,0.2892251373213902,-1.8669556571493984,-1.8513842280078263,0.4094945905617204,-1.799862713609948,136.6492451626621,18.45236232192218,0.0671295367837367,149.4618926217308,70.42303284318456,16.19082658268504,0.0491683463857222,72.78136083193414,1584.2653699766106,489.4289049687965,3428.968511800978,1427.128545246401,-0.4492566657824641,0.0310357878370181,0.938609366334003,-0.7822123472499867,-1.5757770054330955,-1.851789257797291,0.409701075862364,-1.3031661779394268,-0.3503713041709099,-1.870119445989268,0.0956641258149961,-1.896983929469513,189.2,41.3,0.2322510822510822,200.0,41.3,0.2322510822510822,134.24646111805825,29587.537715950235,122084.9177670288,14209.423421496318,18.699795626845727,3837.468961943444,16554.679675615273,721.1226377908076,746.1048000000002,32370088.54799999,525067554.97690016,3575212.708,offset
192.csv,niO,oil,10166.881892801985,0.0569027611044417,48510,-0.053660329793822,-0.1547289292394231,10166.853648521444,4359.9009408090105,4724.23592388069,11.730306061896576,0.3398623899049119,49786349.93532048,206.46043796855017,917.3903060943564,21732.66402474237,18706788627.644592,0.5220491447109176,2.0999350033095176e+16,751642768069690.0,566816133133207.6,94759349351696.48,32511371.015387792,47261711.38860391,13044366.686257184,34.57382953181272,57.62304921968787,124.4657863145258,33.84496466431095,65208081.79293105,2.089794894518972,3.464563652164407,235.11364700872892,29.963853523525653,0.120098578588219,10278.136630828189,166.51295574982606,23.17807471508653,0.1286204386436955,9448.21369874858,504.00000000000006,56.4,1.2985739271588284,22611.244,515.2,57.23,1.3078534031413611,22624.96,-0.0466749022242686,-0.2876659615478328,3.693276820671613,0.0840118188202285,-1.8665566636555664,-1.7466951640120345,22.351143118864204,-1.818475237580513,136.50014903129656,29.963853523525653,0.120098578588219,153.79041196508408,70.08106590606295,23.17807471508653,0.1286204386436955,70.54601143622679,1622.0535277836916,482.96095671857546,3782.341685543964,1447.147276261008,-0.4318003473713957,-0.2876659615478328,3.693276820671613,-0.8823304511839506,-1.5831785857683436,-1.7466951640120345,22.351143118864204,-1.2048854318021658,-0.5037257555733078,-1.7394244448762637,-0.3883351297994112,-1.81952899572144,188.8,56.4,1.2985739271588284,186.284,57.23,1.3078534031413611,111.08990550641713,53753.86155191977,124906.48262261102,9713.145673189869,8.895976516810064,7968.818811692717,10953.955194779512,262.1088228698599,296.51,110958964.55000004,324356525.3748999,809762.3512,oil
414.csv,niO,Tilt,10789.390997502547,0.036770280515542,46348,0.2616256621358867,-0.6033733209628886,10789.387823600293,3550.449211504765,4442.957008023368,11.141439954849703,0.2787370920832001,44792206.68747257,195.79123046705257,992.6861934741704,22856.554584927115,19281497434.148186,0.3107651146786578,1.928245732010088e+16,328834209363703.3,203752293658082.1,32187152179143.965,42312190.30265276,36146841.93509835,5865872.060006505,28.593090003249213,57.186180006498425,124.76984728690566,28.90758091993186,74774350.25442196,1.6962331726575537,2.6948885839074705,236.9404756803085,19.519997857295905,0.0668619505546396,7017.781378187272,166.0853591004696,17.50712747818723,0.0541318710433358,7229.430142282599,456.5,45.36,0.3352924070142787,18074.758,467.7,44.53,0.2856573705179283,18023.296,-0.0711861392609232,0.0440739597249779,0.6969716008117602,0.2967943480124386,-1.865909056995204,-1.8222190212727,-0.1241095825582019,-1.789749375591944,137.53061924148273,19.52371116348832,0.066966082499333,144.45182065566746,69.96763349833387,17.502913376515487,0.0539796014988019,79.92160892945998,1590.9078971502036,486.6389324936699,3434.864665309621,1425.233941778695,-0.4661740447995583,0.0442890249045893,0.7096788859833157,-0.7713394211221214,-1.5589144360850118,-1.82236276414854,-0.1223553884456851,-1.371391804917519,-0.3831885127367195,-1.842665023584348,0.0912557292864392,-1.8953422829626925,188.8,44.53,0.2856573705179283,200.0,44.53,0.2856573705179283,101.80989658787074,30214.447837218257,119180.9882333879,13285.220362364324,8.558129348748858,4459.020314747968,16693.485949059577,1188.2016406441155,269.52180000000004,37421841.34560001,592913097.1524999,2944041.752399999,tilt
180.csv,iO,,11245.141508970532,0.0302054485734526,48071,0.1624696442716475,-0.6926203016210142,11244.991986077272,3073.644989958724,4081.488659280967,10.639169521955225,0.2240499265957347,42492863.66950713,197.29998114680976,1032.453453831221,22227.542860498776,17531248643.7706,0.2434403704203425,1.4886372512249028e+16,240206826807153.2,103761675378336.77,13106723359316.6,32184329.42070192,26069377.949794617,19950455.91139644,34.005281123204746,58.73639466735365,123.65556772074451,27.44622245540399,65027376.32706668,1.8794662710622403,2.863275255713773,236.84673097534835,18.289076098606643,0.0647912161920423,6488.271382207931,166.13546563002208,16.16241102062346,0.0520093476441435,6644.9450348784985,450.1,43.5,0.3237570076279754,17170.372000000003,460.9,42.62,0.2607940446650124,17087.616,-0.0681821003504069,0.0360777063053108,0.8490298583198931,0.3096099297494829,-1.862245019424866,-1.809015045307344,0.192033357958151,-1.7607879682384495,137.49674169346196,18.295380493033225,0.0649556326119022,145.94781114683815,70.00124439973509,16.155133854615816,0.0517513105679652,78.18366051327779,1595.9719828510183,486.30139938581294,3423.278340836013,1421.4453926228332,-0.4646620754686085,0.0365157255734027,0.8766689231726696,-0.7737526187404322,-1.5618374758826052,-1.809327155166761,0.1898024364846438,-1.3693752098563028,-0.4029235047236768,-1.828687378821195,0.10995764672322,-1.887150846719001,189.2,42.62,0.2607940446650124,200.0,42.62,0.2607940446650124,94.00614749582893,32688.7479706434,131428.9122423691,17688.83663578293,13.16736066194862,4694.279270421833,15371.35008900438,1439.529241410664,361.6718000000001,39165489.3974,516292734.8880001,6031325.288600001,ok
248.csv,niO,oil,12332.091705035304,0.0472887387659086,48027,-0.0276415314346872,-0.9967894412803616,12332.086845295587,3913.5327392533936,4521.430195760524,11.246130932001266,0.3025669774799061,45821174.177325085,258.83985306442725,1095.639178300953,22071.96589487439,21418185984.426025,0.4858580161269403,1.972040925061888e+16,716048364465926.2,409256254003772.6,53871012998512.56,26978355.10547916,37802399.33060225,28104795.36057697,34.742746848422705,57.9045780807045,141.86621629772603,57.06032412965186,65410385.00448051,1.9554940451689613,3.52778416395609,235.11368085106383,30.190031914893616,0.119209923539625,10338.943799787234,166.28620641914287,23.017333304548867,0.1112490845311202,9422.344660576784,430.1,56.25,0.9367524956317976,22990.015,440.9,57.23,0.9549865229110512,23006.863,-0.05192021630214,-0.2963904376740122,2.299240980838076,0.0818073959753231,-1.8756636426378883,-1.7240193154900323,7.807405610110925,-1.802650574969684,136.55697872340426,30.190031914893616,0.119209923539625,155.29232787234042,70.06724399321104,23.017333304548867,0.1112490845311202,67.98475155208689,1626.3690457446808,480.1305826700134,3807.5058780851055,1446.1704226599911,-0.426962374766114,-0.2963904376740122,2.299240980838076,-0.8709205076785931,-1.5987776645657394,-1.7240193154900323,7.807405610110925,-1.2286627876207243,-0.5223520785709906,-1.712983220813027,-0.4284881265969905,-1.7917468338053215,189.2,56.25,0.9367524956317976,183.152,57.23,0.9549865229110512,95.51299939335684,52273.69890405993,110371.02888885143,9312.606493548174,11.18414546822589,8028.45727101947,9825.022742803934,525.4789702939174,312.2076000000002,109129433.48620002,282797239.677,892537.1489999995,oil
239.csv,niO,oil,10100.874233633784,0.0679504538388245,49415,-0.0055776431736147,0.0030877977108714,10100.85333920658,4018.92877055933,4587.504679435721,11.634389085179096,0.3216121925619437,40900558.10965584,216.09218788896675,879.5106263247067,21702.55666532032,16612214907.891998,0.6230603535726742,1.8719083395533096e+16,1010720694053612.8,482852969062622.6,71411787951930.88,26369575.91571233,34244509.23579406,31612958.97764208,33.699413269143975,57.77042274710395,144.42605686775988,57.401177460050455,48423063.32498014,1.841043432379443,2.626584384500335,235.2166276844568,28.82599617265576,0.1035744193741939,10044.66106378907,166.48014454650385,23.147854161856507,0.0944305104424825,9244.17008134691,483.3,58.16,0.4752735042735042,22196.498,494.1,57.38,0.4248461538461538,22134.722,-0.052487375397881,-0.2442104544751687,1.4050058868290196,0.0828893958106293,-1.8691535436862667,-1.7896261302408534,1.7699348992559978,-1.806672637535456,136.5881139698065,28.82774611949819,0.1036462559062561,146.19187327237933,70.2394724732186,23.145651763494733,0.0943388995116814,78.18639855322115,1613.1237259196257,486.48557115837946,3796.643588347862,1448.74167162922,-0.4389504910033482,-0.2441477595311182,1.4105736790713896,-0.7823020092619433,-1.5825894191604644,-1.7896944156507644,1.777665425974292,-1.35268096930049,-0.4642731841045702,-1.7823444846537255,-0.4124097758347153,-1.804776101467924,189.2,57.38,0.4248461538461538,200.0,57.38,0.4248461538461538,157.9729968063425,54818.13548713224,179615.86318168297,10368.761751731368,14.68814962033168,8382.827091313613,12731.9067537578,660.3343627940941,650.4468,117439566.6238,564417591.7732,1173008.0244,oil
183.csv,iO,,10642.321630430844,0.0410283043365359,48487,0.1509671144116469,-0.4475051405728401,10642.069176157942,3246.5280574680064,4212.317724895545,10.710786550433676,0.2412473196380739,38931386.91177439,189.738954512588,965.1259465401004,21404.427321000425,15226026548.262625,0.2779040617580364,1.3064238572631698e+16,238962033579919.88,119459650862478.64,15072540525722.844,30065163.99413244,24413532.41783171,20611827.9834349,34.276811217865486,59.20540119449493,121.52687613606857,36.13148021828104,51794892.922070205,1.5081988510330304,1.589787350267903,235.27022949426265,18.047928176795576,0.0648539047752389,6414.898946663834,166.3660414027429,16.25700508538951,0.0498076487528296,6704.047616465054,446.3,44.82,0.2578361586340221,17541.576,458.0,43.99,0.2339829476248477,17461.472,-0.0526057386017111,0.1102127626640823,0.8416416237844869,0.3636150639067184,-1.8668381784460195,-1.765691379394086,0.0076764025895954,-1.6966414973605162,136.72545686357842,18.05290055248619,0.0649373217320288,147.4485016999575,70.22702189093356,16.25137210724735,0.0496868891029578,75.19752815539914,1583.2268100297497,487.9350923059966,3402.5604732256697,1422.9623643074692,-0.4448451779633028,0.1105875262312502,0.8533772468248418,-0.7611854197271342,-1.5829732794748643,-1.765894953382722,0.0105495520586762,-1.3639085317010056,-0.3508818209557799,-1.8662192719191184,0.1353216620654861,-1.8810895966375445,188.3,43.99,0.2339829476248477,200.0,43.99,0.2339829476248477,116.85769232330406,29440.27454731215,121682.88656438752,16786.44841890743,10.445725609780409,3826.4214419485647,17975.575339205345,876.0236250466196,395.4120000000001,32339542.8272,565924098.7812003,5028057.393999999,ok
330.csv,niO,offset,9184.050289143024,0.0486361753742382,45049,-0.0400199671977333,-0.1715244453679281,9183.947958975696,3292.209844838062,4089.490021642252,10.95631302317671,0.2342121999922385,35273902.36173369,177.92660681884945,815.3302368073624,17786.142711766217,12038338115.854525,0.3885988435593732,1.161190222789345e+16,302752873846491.5,112941234644659.88,19110112529835.71,27232493.92795275,21038778.452978045,27015701.80647587,28.40068634992012,56.80137269984024,133.48322584462457,11.826261467889909,72966546.51718345,2.204735734041181,5.854536816081087,234.46111468381568,19.09005144694534,0.0679409647559427,6748.562072883172,164.54611668698556,16.721582062917655,0.0526304058514908,6858.17759790806,451.7,45.6,0.2925338984152572,17899.596,462.9,44.82,0.2367961934972244,17851.806,-0.0654758095562435,0.0139793070429285,0.7832505457232477,0.278189434037659,-1.872492203223008,-1.8167981863745783,-0.0417965466277414,-1.7868293392694927,136.9273954983923,19.093236870310825,0.0680439853051019,147.1839892818864,69.91895249701327,16.717883948718605,0.0524701355485924,76.51512224146607,1589.1883871382638,485.6913302579289,3453.214569989282,1425.943332901779,-0.4371969589518551,0.0141873693322697,0.7991253398055984,-0.782680392639937,-1.5794231481488503,-1.8169546971052264,-0.043320026638971,-1.3440576013585233,-0.377752439800367,-1.841929238057172,0.0696512841291376,-1.8971818634225617,188.8,44.82,0.2367961934972244,200.0,44.82,0.2367961934972244,105.53905718650272,31903.68728195679,117512.72827442124,10958.663344096403,10.580105459259128,4684.136032790164,17017.70501250257,580.4072803279862,304.63280000000015,40678026.83160002,526711089.7277,1693883.8300000003,offset
179.csv,iO,,10882.465748501609,0.03125,49203,0.0647953037499945,-0.5429440410907662,10882.061998805437,3032.831795380808,4075.097171804327,10.590813720577165,0.2239424785116927,40731718.16686664,186.3089894511089,994.0010536198791,21392.91616540886,16096025873.21687,0.2372160933777065,1.37845244336428e+16,194262826499880.3,97815175317401.08,11326392321865.38,31985950.03090901,24845884.17079149,18353234.04232247,34.23236514522822,59.1286307053942,121.36929460580916,35.596804511278194,55249259.95319915,1.7614588779983278,2.256701500130593,235.245601359966,18.319396515087124,0.0639674347668306,6532.995637696557,166.31782002223747,16.437993761803636,0.0522487673162758,6751.629209274394,452.5,44.82,0.3025677875708752,17603.853,463.3,43.99,0.2715039577836411,17518.48,-0.0512598520301894,0.0604112010022642,0.7811288731749574,0.3257362074938512,-1.8668893805598168,-1.7900006943568176,-0.0766903501436657,-1.7368341441721056,136.73370165745857,18.325078623034425,0.0640694802464341,143.58751274968125,70.16564384344457,16.431537668234235,0.0521078355568049,80.15023485500576,1586.8664473013175,487.0306810134683,3421.884649808755,1421.7903580045238,-0.4422274737840211,0.0607843358255162,0.7929159762331077,-0.7420882964690053,-1.5863870313191772,-1.7902122304492485,-0.0723471858069908,-1.4192180006261217,-0.3664253226118337,-1.853456290172016,0.1113205013204564,-1.8836414715095544,189.2,43.99,0.2715039577836411,200.0,43.99,0.2715039577836411,124.17379786410686,29527.174145379864,126599.55707907978,20290.996057971595,6.672530112141516,4261.736914464234,16961.548526710772,1314.0796074477796,320.184,36031734.8388,550984722.6281002,8232198.506400003,ok
204.csv,niO,oil,11164.286226348606,0.0427325581395348,48899,-0.0228628840435533,-0.6378504019937039,11164.151136997158,4140.5713111841,4583.688846851847,11.38831112526931,0.3200837641274712,43976461.87370291,232.8872803941884,998.4139513268929,22437.47375965938,18439917756.29489,0.5306879221955562,1.7279356048700022e+16,672817641852081.8,416762640579411.9,67449233131721.805,31243752.455177143,39981639.68460959,18077407.13361164,33.48837209302326,58.6046511627907,125.58139534883722,57.882585751978894,63393861.45102267,2.0564030814630407,3.521215582529755,235.3827483514146,29.23653052542012,0.1058838730346819,10247.675527121886,166.2842581378192,23.498818007000743,0.0921335347159512,9505.906096135895,423.8,57.48,0.6265275387263339,23005.066000000003,435.0,56.89,0.5783132530120482,22982.656000000003,-0.0523705015573752,-0.2250063006966098,1.4122740684210284,0.0895489461298502,-1.8732686402022416,-1.804159431763258,1.8595912546691096,-1.8161947914963528,136.7090193575835,29.237951499680914,0.1059450769005937,150.71892469687302,69.95167678183903,23.497032721551285,0.0920534738111484,72.97270189135716,1605.9459606466708,487.1647178292195,3772.31587789832,1458.804170378267,-0.4370880286339829,-0.2249526725830727,1.4174096903508844,-0.8324737564378476,-1.5764735926021631,-1.8042212466423289,1.86663866914576,-1.253042548971698,-0.4331178612555446,-1.8068400960172617,-0.3746367965584174,-1.8416100500869128,188.8,56.89,0.5783132530120482,200.0,56.89,0.5783132530120482,131.634121247844,54329.39781451717,171228.65439504292,9241.167220882318,15.950037048585529,7568.248321014326,13644.158951609728,403.5149177708006,656.5835999999999,110214349.73700003,517342723.7217001,795332.3216000003,oil
371.csv,niO,Tilt,14176.820032276686,0.0219090046008909,48928,-0.0186302587192202,-1.414954982464516,14176.802371894331,3062.2675822887013,4131.700422990139,10.362218921071925,0.2364551049335506,47519129.37564969,238.83536660444184,1317.3528297778155,21462.74983410895,24972564011.39415,0.2283073593967276,1.851483760496329e+16,211575267660833.3,103842709590856.06,11477563140635.59,40161122.33896507,38906893.2286729,15490302.676923351,28.04352588914044,56.08705177828088,129.70130723727453,29.43313953488372,103835461.23067972,2.130573445662252,5.352331262946452,235.24981926429936,17.93020199872422,0.0624493435518898,6407.429331490538,166.44106225592307,16.16534007426805,0.0511766415605044,6623.4979298634335,448.1,42.96,0.2723252747252747,17058.216,458.9,42.08,0.2261714285714285,16973.828,-0.053110174554079,0.0657046023856032,0.8218533228381969,0.3203809712195332,-1.8648022806303104,-1.8032113922070057,-0.0568630998799917,-1.743930555496464,136.68679566234317,17.935430576227937,0.0625362114225044,143.8458082075271,70.3175909755024,16.15942800412418,0.051056670250611,79.76755399228453,1583.7788426536254,489.8441444387476,3417.0087018924087,1425.0200531044277,-0.4479038669909701,0.0660471288935756,0.8324361336543195,-0.7479463428717786,-1.5765298782612664,-1.803416692146532,-0.0535511891753714,-1.4022132078097709,-0.3473365743274187,-1.8728519330743856,0.1158183449400066,-1.889657652607842,189.2,42.08,0.2261714285714285,200.0,42.08,0.2261714285714285,181.3969734379831,30656.89416533333,128514.0848573584,18104.00742343003,19.15526982830702,3928.234821416898,17184.06065137937,1579.512585309582,943.285,33927777.5144,531446257.1757999,7104279.5746,tilt
365.csv,niO,offset,10875.365332479703,0.0343031866609335,45762,0.0445482665475326,-0.6171925246371242,10875.36460300962,3060.5596377710126,4008.686897364511,11.047792221956758,0.2226592878099546,51946700.18998913,181.76914617695587,1008.5800430647774,20688.858382365503,22355076253.02397,0.2540708281947156,2.5304378812337148e+16,422736980536051.6,161056627705116.28,19840317025708.508,38516214.962976016,45343520.41497373,14567731.948458591,27.51899097033109,57.33123118818977,130.71520710907268,59.15178571428572,92755122.4799299,1.910044296856084,3.4897931554895347,236.9627358490566,18.96396655231561,0.0665226816607568,6793.737710763294,165.94262434666112,16.777402970771707,0.0505827239821841,6945.582911052921,460.5,43.260000000000005,0.2976583142504844,17146.096,471.7,42.38,0.2235511713933415,17087.616,-0.0706858405402885,0.0276425575509841,0.7185543475212816,0.2764576124378261,-1.865144163572296,-1.8424162657743504,-0.1477873409986343,-1.8101360477888413,137.60887650085763,18.96880574614065,0.0666782344916996,148.0588209691252,69.87605388395468,16.771823802254552,0.0503222857744945,75.38081852229541,1589.0246734562609,489.91048812829183,3435.047591123499,1424.276653213553,-0.4656468722779366,0.0279551381765499,0.7474671952671467,-0.7875198668708301,-1.559685163059504,-1.842677143664088,-0.1623329621682914,-1.331328103430438,-0.3663116496990549,-1.861102277093804,0.0922995286397711,-1.892108949655965,188.8,42.38,0.2235511713933415,200.0,42.38,0.2235511713933415,122.14687890795186,30926.656668764383,122953.63335192137,12972.02145714849,17.797451795755276,4293.581775326496,17681.01354523734,946.9454598382144,684.7838,37889206.69399999,535989090.6753999,3152809.020000001,offset
340.csv,niO,offset,3547.1311887978763,0.0044879640962872,14527,-0.0051735212747101,-0.8591806931309116,3547.0071287686164,874.6317829864574,2724.8332063657526,5.893775092517303,0.0815769534676303,4187169.042652473,39.4096082359868,331.685280967889,6398.275210117053,575692133.013437,0.0057463368208798,151159383964485.7,20808071371.24941,1612059457.9488149,547380932.5237994,3316098.931416979,4546127.825201679,537787.8725395871,9.791921664626685,68.54345165238678,107.71113831089352,11.352114716106604,82532108.43074358,2.3773628077310827,7.255706264124351,235.03576285592857,21.37418827029324,0.0816125345264046,7552.917988737781,165.80630533442474,16.6739623457657,0.0763292306676255,7080.4042078534085,436.9,43.6,1.5721569264466233,17634.648999999998,447.7,44.38,1.5875912408759123,17646.46,-0.0518920017309032,-0.1965252181862135,5.591560840696932,0.1097618937385587,-1.869547727360266,-1.6993695175739052,69.5902421216847,-1.8203490658475063,136.86098597535062,21.37418827029324,0.0816125345264046,152.83800956226094,69.9537472165225,16.6739623457657,0.0763292306676255,71.85282912825583,1602.131287080323,487.8633973247869,3632.6824725881847,1419.2856679168162,-0.4425836115117959,-0.1965252181862135,5.591560840696932,-0.8792169146979409,-1.581086255192434,-1.6993695175739052,69.5902421216847,-1.2109347868670806,-0.416750978048777,-1.820844441083141,-0.177764019232992,-1.866143265909532,189.2,43.6,1.5721569264466233,188.189,44.38,1.5875912408759123,113.3560994080415,30771.57895302112,76169.84177498684,11441.24629198912,8.298335821943109,4082.018355868409,9950.224309016909,602.4880084892584,299.1209999999999,35780394.543,157099809.18170002,1926274.5696,offset
351.csv,iO,,12607.340475138948,0.0359808102345415,48791,0.0712903808770288,-1.0070596138068402,12606.945192657791,3043.66359553606,4141.042655634277,10.569766416267278,0.2363607647924004,43270942.82339241,213.1217170422225,1163.0242692057757,21857.154032578503,21461409012.829662,0.2540562773883137,1.7544134984195154e+16,221418750185093.5,121508666256633.66,14189893856677.51,40845027.9331824,37447802.279608935,8827343.53357739,28.78464818763326,57.56929637526652,131.13006396588486,28.668310727496912,94758479.58715823,2.122315192353461,5.288896515488249,234.41078473413376,19.411550171526585,0.069724012261937,6849.382278730703,164.50447226615526,17.064229912397497,0.0518323631632308,7036.192863974788,450.1,45.5,0.2804785013224911,18008.862,460.9,44.72,0.2300511508951406,17960.586,-0.0659960226040634,0.0548743240133223,0.6302009438023404,0.3162091156240186,-1.8720768761646045,-1.7817317836284676,-0.4228149062534703,-1.7562088126531463,136.93704974271012,19.41454331046312,0.0698176790046645,148.29706174957118,69.94745725386954,17.060769555406832,0.0516828251786333,74.6887390694728,1599.083426672384,485.1283690798027,3429.937393439108,1419.866489337139,-0.4395942692328126,0.0550848236582357,0.6443593196695448,-0.7907150805111983,-1.5768497091333644,-1.7818664330763605,-0.4286576046329173,-1.3131415949829424,-0.4172287665658469,-1.8153166596849968,0.1107903258162975,-1.8841904491785333,189.2,44.72,0.2300511508951406,200.0,44.72,0.2300511508951406,147.5168724705082,29431.44658959429,116268.2678924244,12053.644819302275,12.801869409734046,4906.501246946879,17574.374632720064,857.356143109664,598.955,39629990.83140001,584303452.7784002,3145782.524,ok
370.csv,niO,Tilt,13509.184720890886,0.024124513618677,48994,0.008464915510188,-1.288786960863717,13509.1790827425,3119.2105993774026,4243.547827447324,10.494288911939869,0.2467203498053605,52399775.14162973,222.72547430256063,1260.3266158480924,20773.307056182417,25779313236.62868,0.1970512092469065,2.137673493069465e+16,201429940074136.0,103818054132660.2,14616931886288.8,40127484.35975605,43782342.72814176,15813908.034576347,28.015564202334627,56.03112840466925,130.73929961089493,29.33114035087719,89433510.58731513,1.844538623933824,3.1435536042985373,235.26725456863585,17.70250531236719,0.062170464641873,6317.290028686783,166.30172098488842,15.775057032910343,0.0496469631773647,6480.931052977909,459.4,43.16,0.2448545861297539,17078.216000000004,470.2,42.38,0.2186800894854586,17028.284000000003,-0.0526784464313857,0.0350340290786242,0.8338204982377866,0.2946924704050236,-1.866959085911116,-1.8311466922581987,0.0011071607202968,-1.7813755484460003,136.7562473438164,17.705854228644284,0.0622480831497056,144.42365342116446,70.1961106572031,15.771223289322135,0.0495359326161715,78.84034997021968,1585.029766893328,490.225390598301,3418.4932097322567,1424.4969617168526,-0.4452147901790098,0.0352573848668678,0.8444308338063083,-0.7435328627210249,-1.581748164067699,-1.831314572831042,0.0040552079043378,-1.411480293626186,-0.3508198605613843,-1.871516550722536,0.1174416190627746,-1.8887452248597951,189.2,42.38,0.2186800894854586,200.0,42.38,0.2186800894854586,114.2334568852869,28545.186811913733,119481.164140655,15941.233801718256,6.87050667113173,3674.659420117647,15304.811943016588,895.2325110819957,302.0383999999999,30712477.880800005,478260088.3727001,4120275.6984,tilt
211.csv,niO,offset,10934.8657521743,0.0428107982852508,49429,0.0870706881970716,-0.4101740198715786,10934.62912144462,2965.2764435143863,3992.462406344505,10.708150519071172,0.2154097927059354,43732036.87663201,186.7887834877256,998.6405772710784,22225.111762759763,18108444027.957104,0.2736242989414891,1.7387437066796152e+16,319523683648782.75,95343879286832.56,13059909687871.611,33905817.55025385,39675934.55889144,18082115.89574423,30.58741744873132,58.39416058394161,125.13034410844632,57.91794478527608,58796356.48778798,1.8146477812246995,2.336164150226284,235.39001274968123,18.66265405864853,0.0650331938400408,6695.600417764556,166.38922640378885,16.743945314252485,0.050567592176704,6919.838437400953,488.8,44.52,0.2761982518760012,17439.948,500.5,43.84,0.2612531969309463,17400.096,-0.0507637213537733,0.0597908351368715,0.7618338552026099,0.3026122189498883,-1.8655248290853657,-1.823312609696929,-0.100088501282026,-1.7852163845610831,136.7922014449639,18.66338291542712,0.0650465766674726,145.44065512112198,70.14148049957741,16.74312018111788,0.0505489111590301,77.99119653088496,1584.1654980875478,491.1338231617364,3415.4621053973656,1423.3816785002368,-0.4434625502235423,0.0598364388050938,0.7634359929520637,-0.7474715522623513,-1.58697259828179,-1.8233437227820457,-0.0995102215622099,-1.4113296834288485,-0.3446089561480552,-1.8770544961951687,0.1221042515426557,-1.8860163823782503,188.3,43.84,0.2612531969309463,200.0,43.84,0.2612531969309463,104.52058002511023,28941.93654732972,125396.01118226934,15871.366870410093,13.918907630278104,3697.070109616395,17622.947550676883,1134.8285591651409,386.17280000000005,31739819.147999994,556501875.4691998,5118438.3932,offset
427.csv,niO,oil,10638.506678142943,0.0495169780760108,45387,-0.1057123895359312,-0.5358126795373948,10638.413785938992,3974.816088283784,4500.420436110851,11.37181718160608,0.3056406990755732,37975704.33848512,230.6008160324123,946.1879155628002,21297.96038663727,16761926945.726856,0.5353352075165223,1.5831600764100522e+16,596947778686903.5,424959402785937.9,57042890819183.54,32004981.512359098,28722585.64308673,20353334.724415675,33.319835714698904,58.30971250072309,122.172730953896,33.76150306748466,52192298.17444332,1.2439268206272065,0.709496740869556,237.1214147909968,28.776906752411573,0.1031471967914581,10088.083913612005,166.03707749880448,23.552161548513897,0.093340189447988,9418.46543505294,472.6,57.72,0.4934973141080011,22475.317000000003,483.4,56.94,0.4305343511450381,22413.924000000003,-0.0644828025418604,-0.1929173756190604,1.4770921988663126,0.1099275562334448,-1.8635827223899093,-1.8297427834321127,1.9883796042716264,-1.8099500336988088,137.6608145766345,28.779815648445872,0.1032383420528888,150.14801822079315,69.63886736252353,23.548565570885312,0.0932239906614451,73.79509601546822,1604.844520257235,488.2922380018047,3768.9010981779206,1460.436489397763,-0.4610728644489817,-0.1928100740886009,1.4845197203871945,-0.8295524542304998,-1.5574294242815565,-1.8298660640597009,1.999048728851432,-1.2639314906243324,-0.4289359139995387,-1.8135347105072384,-0.3674134555139508,-1.8485700654139767,189.2,56.94,0.4305343511450381,200.0,56.94,0.4305343511450381,135.96045799474646,56569.67666017809,183717.7766737913,8898.288539184856,11.819377037525156,7964.131779820651,14758.011450048129,694.0793292760392,548.0232000000001,122860055.2632,588254792.0217001,972415.2110000004,oil
256.csv,niO,oil,10294.60212884508,0.066702134734322,48685,0.0220151060167158,-0.2606502040168497,10294.479894157686,3803.104188342136,4490.298768830719,11.159029011975406,0.3019493087671137,31559221.81730885,230.6255924326892,883.2940007162659,22214.507147715936,12793468989.70492,0.6454485718276672,1.1098013942077732e+16,632267391638139.6,210357091893587.88,40527286412848.82,22421507.1777006,26853296.18454141,25113062.098192483,31.921260889805147,57.45826960164926,143.64567400412315,58.71975806451613,42436350.56371349,1.6046834470130351,2.0703656840801994,235.2159158521037,25.85688907777305,0.0952394257669217,9022.152042498938,166.87300978233486,22.763950469758274,0.0850943719851847,9147.10081301843,480.0,55.47,0.4503897937957423,21533.059,491.2,54.64,0.4288428324697754,21456.064,-0.0495738506313728,-0.0590112749888499,1.3339272118158667,0.2528907094003976,-1.8705933554438168,-1.922152054388372,1.466782840460243,-1.825187641718188,136.41396090097746,25.860917977050576,0.0952950661206446,149.8638969400765,70.34890776065706,22.759313473946985,0.0850284859349922,72.17158272304266,1594.0339774755632,489.81368115483787,3578.90803442414,1478.0588710592422,-0.4318194598234266,-0.058874997276461,1.3378247149559912,-0.7806441628283003,-1.5952123547293189,-1.9223114514887765,1.4727703620960453,-1.3045381714593238,-0.3845364706431818,-1.8484933306641784,-0.1034292800487922,-1.973787069917315,188.8,54.64,0.4288428324697754,200.0,54.64,0.4288428324697754,124.6006369205215,50690.45784209424,176429.88479053736,8884.577235282766,15.025927654355566,6910.312939366934,21109.42671792478,327.3095923285675,542.2410000000001,96583121.82240002,1004359195.005,667840.2488000001,oil
410.csv,niO,Tilt,11615.436586313896,0.0343039489429597,45406,0.2427239046697742,-0.8905745772229814,11615.43185242488,3467.9048147803,4437.019288904083,10.779939901300198,0.270537158338961,40740895.33606464,214.2759726916814,1061.7316992189833,22434.79233655135,18009615030.144325,0.2754159406122575,1.4882787852426124e+16,208226145689428.62,149210467081255.0,22919881670117.453,32213746.24504292,38430225.01163048,7363058.031286385,28.719585161547663,57.439170323095325,130.83366573593935,58.786563071298,65436506.8804385,1.5808676134982609,2.155632998301833,236.68420376712325,19.22109160958904,0.0663309105263998,6900.531552868149,166.1547620010054,17.319190852645573,0.0528775320518409,7152.546866439716,450.1,46.14,0.2961521306525767,18529.992,460.9,45.55,0.260625814863103,18443.43,-0.0678719895276128,0.0728131233584269,0.6791338071197169,0.3225763784286878,-1.8660210903279564,-1.80503087483045,-0.3300231037927461,-1.7618266616379636,137.40398116438354,19.22288955479452,0.0663787615770067,145.114604880137,70.0042008189121,17.317165698502038,0.052806938161517,78.99614899865887,1592.949743364726,489.6472673559553,3423.7687146832195,1420.8129135336817,-0.4635654348022268,0.0729223301530142,0.685148173893042,-0.7719482361577878,-1.5608526667509788,-1.805095643639926,-0.3303742293039517,-1.3687902647272274,-0.3816100261464656,-1.850424263965598,0.1099186458334743,-1.886811610479992,189.2,45.55,0.260625814863103,200.0,45.55,0.260625814863103,109.21844337049434,30691.69388190388,121795.92707649036,12414.363349436451,9.196147733080783,4401.154714546997,17724.929391786765,783.6200976667853,285.78720000000004,37500630.44300001,601647657.7889998,2837213.3828,tilt
345.csv,niO,offset,9315.385167064444,0.0542962259672442,43831,-0.0739232759560793,-0.2184983589582638,9315.332501141014,3590.153482804284,4238.8123414028605,11.172779843904664,0.2589772381845797,34810233.728348605,192.9914200687521,812.6089891432457,18558.429649670696,11968363888.78222,0.4847730432703608,1.1713962840557456e+16,393436872871631.9,179533564422287.78,34799758061960.96,27469832.0093493,20126500.483833447,27873526.925148208,28.483266081177305,56.96653216235461,133.8713505815333,28.306934931506845,65621890.33578004,2.22370934087172,5.82694304018707,235.47105767184507,21.163032560119174,0.0794875322086978,7493.520968078315,165.82580433298813,16.60958903370145,0.0643319408803108,7062.619812990193,437.4,42.48,0.5337650175966566,17454.18,450.6,43.26,0.5487329434697856,17476.752,-0.0527169796765649,-0.1616984809769356,2.4979275502433613,0.1307931721312393,-1.8706711517197856,-1.6982331929099337,10.902074266135925,-1.8104220998445304,137.02879336028943,21.163032560119174,0.0794875322086978,153.09713045328792,69.76607680992461,16.60958903370145,0.0643319408803108,71.23144534621652,1605.784894658438,486.05280928700415,3619.9380327729305,1420.902775475512,-0.441943411958227,-0.1616984809769356,2.4979275502433613,-0.8743179074423396,-1.5819115086909623,-1.6982331929099337,10.902074266135925,-1.2196739723448295,-0.4338369013090005,-1.801890252666713,-0.1521251133347083,-1.877539742439437,186.8,42.48,0.5337650175966566,177.428,43.26,0.5487329434697856,152.96726418578987,28323.957889739955,89531.41386473682,13158.673680636455,13.451603746738998,3959.911643888307,10882.1594315756,893.1173502866225,639.0955999999999,32133054.684799995,176980558.27930003,2940728.6692,offset
415.csv,niO,Tilt,10841.771939682863,0.0370390396885476,45269,0.2647105274261284,-0.6779265859449692,10841.753173033823,3609.59603214316,4366.310643984441,11.194059262217046,0.270775026208259,45737766.91917808,199.93583001319104,996.9496953448648,21971.50668856646,19472153009.079933,0.339058977153672,1.943607564563312e+16,399648359803932.3,226946930324101.12,38727608753787.11,36593384.541984834,39306497.10162695,5614301.118437788,28.549799935114088,57.099599870228175,101.22201795176812,29.200819672131143,66990969.46452439,1.4841092118875787,1.7079221016409631,236.9223055496036,19.736188129419325,0.0692777345893882,7080.309578315835,166.09236805237387,17.581689442769406,0.0517453787948296,7302.517999184147,467.7,46.43,0.3067466112676636,18582.862,478.5,45.75,0.2624843161856964,18492.15,-0.0693355236565478,0.0732434556135872,0.6579949980105282,0.3144379241039527,-1.864695492975848,-1.78963959576468,-0.2965324527874666,-1.755119448286519,137.54092564816798,19.739822155560315,0.0693697910513305,148.62603556888794,69.93100252587132,17.577549498375735,0.051599530851566,74.59192275340365,1591.28372251982,488.64668352051376,3440.956650096421,1424.931268140329,-0.4664042724872425,0.073479879749708,0.6719534017276847,-0.7939184800380921,-1.557545501746417,-1.789782705055438,-0.3008261135605621,-1.3091075789731712,-0.3785797891726075,-1.850524921094281,0.083699548024232,-1.895074532180273,189.2,45.75,0.2624843161856964,200.0,45.75,0.2624843161856964,139.49909484755634,29619.929127950112,119994.35530730351,13410.336434777551,15.620062392005986,4331.840167220651,17739.43785038529,1026.3709131645485,761.0328000000001,36411572.5482,610005626.7136,3242899.445,tilt
413.csv,niO,Tilt,10165.675669370785,0.0370106761565836,45107,0.2752036720447615,-0.4932328451937176,10165.67551127841,3459.9647375926684,4271.172530842057,11.093717870249014,0.2568296925994029,40620644.930402,187.41952934682195,931.8371996324294,21365.86448083485,16782424907.230309,0.3303097514497355,1.669446131727214e+16,300456332662553.9,220277063263458.1,22279225153226.79,36477207.01828601,36121951.89703366,6127847.928293311,28.907747057213253,57.81549411442651,131.39885026006024,29.034008683068016,63099901.362395816,1.511587793920168,1.7203349735216342,235.272512755102,19.362008928571424,0.0671150263644991,6937.365087585034,166.38348626782764,17.44523843639951,0.0533471822568457,7216.771480835423,449.6,45.94,0.3451714721424265,18600.132,460.4,45.26,0.2947441217150761,18507.04,-0.0558877721274393,0.0741938774349862,0.6839811286102373,0.3300971047242655,-1.869229387236762,-1.8044169509755643,-0.1981045500237082,-1.7604673632257204,136.6997448979592,19.365080782312923,0.0671877831144576,144.52394770408165,70.31267202782074,17.4417763752259,0.0532367743251913,79.38035954994618,1593.406981505102,489.29354148457975,3418.508355867348,1418.6690190010024,-0.4477016058508125,0.0743807764290705,0.6938334552817844,-0.7532490577991877,-1.5779078348428088,-1.8045285748821416,-0.199237209684663,-1.3959618240615022,-0.3840364117668928,-1.8479332636401475,0.1191280003131281,-1.8831145767407649,189.2,45.26,0.2947441217150761,200.0,45.26,0.2947441217150761,203.3664369066232,29044.700981044465,116784.29822813004,9346.246231074863,14.356640865735896,4319.42552209228,18382.07918975877,448.1408553702725,1064.0984,35422449.16079998,634032669.0316,1137407.3304,tilt
324.csv,niO,offset,3454.801589134196,0.0058889512058328,17686,-0.2254872778928059,-0.2953910612577983,3446.280753856307,506.3459330332989,1530.934826263726,7.07956143447897,0.0270299633324696,9308043.959513206,39.91625379304483,325.4492418601355,8159.759023381785,1178852811.714238,0.0049035224261092,686284509791827.4,74332609897.50748,6774218605.488669,362509612.96734655,8238218.99819318,8525403.807217332,2717040.933690121,8.9736399326977,62.81547952888391,116.6573191250701,11.04311630218688,96553186.77114315,2.0172538269363423,5.0764841898313335,233.53985894421885,20.60262021799529,0.0761582597058568,7255.31102201325,164.38552878141826,16.291484432098592,0.0653320052196471,6799.864670029581,422.8,44.28,1.0331515114578256,17323.884,434.0,43.45,0.9590443686006828,17288.784,-0.0573233682099515,-0.1868718300894607,3.530176947583261,0.1051761613104616,-1.8753966509136293,-1.718069756494507,31.7909942204395,-1.8203318598659424,136.5887369095961,20.605622996366744,0.0762932526211591,150.4664864287241,69.92513766443764,16.28761970241609,0.0651324770018787,74.6982586155476,1600.3365321649924,487.6155759118248,3620.9281846548406,1421.7323491819184,-0.4247340127939881,-0.1866417652022004,3.5704647023303604,-0.8610798460582301,-1.5914562067932314,-1.7182877566375794,32.160577823522466,-1.2363126031054803,-0.4079983834913163,-1.825727701820148,-0.1553201877522531,-1.875687586867368,188.8,43.45,0.9590443686006828,200.0,43.45,0.9590443686006828,95.86815496465935,30658.13595311512,105039.38278881746,11273.716858528098,14.080100547239851,4270.411685248758,10738.155299485568,676.1672747789883,374.4016,37670127.55120001,184426075.73800004,1800216.256,offset
380.csv,niO,Tilt,12498.558070035077,0.0350972762645914,46199,0.1693571109614871,-1.1344495035105424,12498.5447801155,3128.000908384246,4143.152106310814,10.345838354275454,0.230324071961882,38434428.133180186,224.26796176006744,1148.1768324844768,22001.90163966576,18008119818.096844,0.2457518834146148,1.262672434254165e+16,154316941722153.6,105080632546982.28,10997250216049.62,37233383.40498361,30536658.853762787,6459420.6407058295,29.883268482490266,52.29571984435796,130.7392996108949,24.038461538461537,66523383.32227354,1.0144261677234248,0.1934321027265859,235.29157984265365,19.492402721667023,0.0671874487916891,6998.370907718478,166.4047868457795,17.6647245485176,0.053464867967853,7298.07412739816,461.8,46.92,0.3031662297248332,18990.335,472.6,46.14,0.2407730673316708,18898.944,-0.0551142203855966,0.0848433638507875,0.6149622152628815,0.3329018150159982,-1.868029605112998,-1.7918211916457658,-0.4943556476609201,-1.7506163911965635,136.69251541569213,19.493869870295555,0.0672570321427635,144.2015260472039,70.28983313072078,17.663078609735653,0.0533483277678795,79.54381155796392,1590.8887518605147,488.802214446054,3417.313211779715,1422.0286499480767,-0.4474616279245951,0.0849314938186855,0.6264304836887206,-0.750435371231545,-1.576782462734894,-1.7918682207151784,-0.5026608327168329,-1.401453282883243,-0.3765350398470922,-1.8520859434446253,0.1172310900091912,-1.887784390670027,189.2,46.14,0.2407730673316708,200.0,46.14,0.2407730673316708,131.11187386012045,29239.126544214727,123009.88338177236,12766.429794932548,8.496388541915332,4257.0269438434125,18437.70569548985,1030.0137212951151,391.33,34875944.7,655681941.2721999,3275497.374,tilt
205.csv,niO,oil,11555.21600840392,0.0476134972900518,48959,-0.0434044338353928,-0.774510177918847,11555.15335417442,4305.336126050857,4716.065669279217,11.461167090883668,0.3404577634315816,46615293.59211369,248.398637789377,1033.5797578076422,22312.98529718185,19824526998.549374,0.5554150974171991,1.829271106062689e+16,770991274459787.4,506747646219665.6,85107527006698.95,31512094.66728036,42608910.06523258,13616807.677300423,33.5683897663034,58.74468209103094,125.88146162363772,57.592509025270765,71479625.21676311,2.2645164383821683,4.307593888173309,234.87171695707607,30.265966850828733,0.1151495072904874,10478.0418880153,166.58500918424505,23.626057427210423,0.113237497541379,9583.333756782851,421.8,57.96,1.747462436619063,22745.353000000003,432.6,57.23,1.7192771084337348,22718.927000000003,-0.050542027211725,-0.2800574185342311,3.128162570760318,0.067688944532827,-1.876380402405392,-1.7493179716194074,24.90200309026205,-1.81545625492165,136.27501062473436,30.2669209519762,0.1151785595719915,150.00617127071823,70.22813827202094,23.62482172971476,0.1132052805627752,75.44552525509819,1618.0787662558437,483.2721839243617,3793.561171483213,1448.3585772198514,-0.4257956942735721,-0.2800193172271935,3.1310134237605167,-0.8604453184446238,-1.5926984149603312,-1.749361976640808,24.929152774462672,-1.2396360952922865,-0.4834387196912084,-1.7569295117470367,-0.4065872595064654,-1.807848053430898,189.2,57.23,1.7192771084337348,200.0,57.23,1.7192771084337348,152.68166240043976,55079.43951773719,162087.75740960985,8923.173994448925,15.506241887931054,8201.967345972169,11772.51251711399,286.9669133178777,613.9466,115110348.05019996,371692504.1742,669623.5060000002,oil
220.csv,iO,,10889.215499796936,0.0454464761228475,47971,0.0593137729581868,-0.4316367926483058,10889.203992829238,2965.4317822367625,4049.288468253779,10.71724421901324,0.2154388558666608,40549991.32503401,190.00499919301035,979.6426162785884,22533.23035087771,17213425685.736774,0.2525778602041655,1.6554757698803384e+16,243071017669529.25,117271256763327.77,15893729135160.396,31602312.1164778,33070300.293437056,27378481.593930542,34.08485709213564,56.80809515355939,144.86064264157645,33.14458446866486,54010842.42246215,1.7023147895939832,2.1523256305000986,232.7114844746916,19.082254359846875,0.0715362826870052,6630.589872394726,165.19221337612169,16.31740903026315,0.0526389855162678,6705.929086512133,450.1,43.69,0.2878197833380134,16820.569,460.9,42.96,0.236411332633788,16730.197,-0.0475381312764779,-0.0160778150517097,0.8968454578458407,0.2802863109693038,-1.8708768589335736,-1.826339369727499,0.3129462567972916,-1.795986108913484,135.9214802211825,19.086497235219053,0.0716395085252628,149.38022905146747,70.47249337873552,16.312367748011486,0.0524718614421232,72.92731349631626,1603.0364166312208,487.02888076121775,3447.971460229689,1416.4916694753142,-0.4197816094165431,-0.0157714370412164,0.9153848396277302,-0.7825254586218867,-1.5963435219616828,-1.826617322258419,0.3122789913063477,-1.3029868948911156,-0.426003121379539,-1.81370416563052,0.0783490860452332,-1.8868661524490788,189.2,42.96,0.236411332633788,200.0,42.96,0.236411332633788,114.87199497528432,31137.652612581525,124662.96819306591,14879.396075164326,8.762235950824742,5047.466527924781,15495.359116595211,1107.6125430906066,362.4898,41675973.00000001,531366291.4968,3907760.6432,ok
366.csv,niO,offset,11115.406722318205,0.0366205305651672,46768,0.0754372283347415,-0.7313839338512995,11115.40602183578,3479.203573516975,4240.69996960506,11.26582974837736,0.2555113212363051,53291716.40001766,202.6902538677144,1023.1144264981876,20487.136360679426,23014479892.27573,0.3436634551571692,2.5906794778890056e+16,528969680207736.8,273334276997338.28,37836411919699.62,39829443.677525744,45602269.963803455,14877197.934657307,27.68166089965398,57.67012687427913,131.48788927335642,28.44040023201856,90590268.33100452,1.973330610693864,3.9212830964090335,236.9932461406518,19.41412521440824,0.0667896557392837,6972.441652015438,165.97589299985452,17.042127915121764,0.0518765956508542,7055.1255684675225,465.8,45.16,0.2902233315817131,17835.195,477.5,44.23,0.2197687861271676,17758.763,-0.0698617683605821,0.020702459209542,0.601978254458996,0.2742160407245905,-1.8645908518530008,-1.7914498603876778,-0.4834584331830318,-1.7767364424632386,137.6118782161235,19.41976843910806,0.0669456117344904,145.4244003001715,69.85456228296526,17.035569543450002,0.0516218723589618,78.65432409103887,1595.9123111063466,488.90325059705975,3475.615533876501,1421.3454855685843,-0.4652920826649784,0.0210748890956851,0.627022310512085,-0.7719096572300075,-1.56013145349904,-1.7916968415235022,-0.5002986778916432,-1.372395311916636,-0.3944686078283472,-1.8398749670936296,0.0435832496989536,-1.894201005598136,188.3,44.23,0.2197687861271676,200.0,44.23,0.2197687861271676,134.7109173862842,30428.837002936514,122180.11089303411,14597.28396657101,13.388182599688747,4525.05447687217,15771.784007837896,891.4365705018506,510.5016,38538600.0276,514352757.032,4027743.288,offset
353.csv,iO,,12880.136145378545,0.0309731520930547,48558,0.0920983675907109,-1.082522695243562,12879.661522873968,3093.6449101956364,4216.762555710754,10.520307661674336,0.2442194172933074,46807698.93734245,212.6708216308372,1194.6002837315502,22151.84265340965,22221404524.58216,0.2233442040215951,1.783057682883e+16,172227219645066.0,121917031256213.34,13551199430720.152,44178273.57070215,38824771.837923065,9272843.19367459,29.21485088253195,58.4297017650639,133.08987624264557,28.696646341463417,99993934.78136286,2.1347062623020934,5.579173054227779,236.859001285898,17.981375910844406,0.0629834697846291,6417.962096656665,165.98008627242814,15.879179354435866,0.0502945189857935,6531.127867262858,470.1,42.81,0.3119351408825093,16729.098,480.9,41.98,0.2397129186602871,16674.966,-0.0685396466168418,0.029484802970686,0.835921526671952,0.2901403453909632,-1.8643199584814736,-1.809891689259097,0.0956344254097092,-1.7623189196553937,137.55972996142305,17.986249464209173,0.0631425089015145,145.8307968281183,69.88414308035183,15.873543315808414,0.0500382061537481,78.18722015252375,1588.5620017145309,489.4527059426425,3439.305375267896,1424.818949457774,-0.4640657554308276,0.0298270337029724,0.8650403578375093,-0.7740898614256204,-1.561120627116804,-1.8101378279521352,0.0887721383966173,-1.365530620449804,-0.3655271079319918,-1.8602495609140968,0.088780431942842,-1.892952725010585,189.2,41.98,0.2397129186602871,200.0,41.98,0.2397129186602871,112.08826715298052,30171.965084484706,120455.99814702677,17209.44453892185,13.328596859136804,4302.085251533478,16512.428510735048,1376.239002962733,388.4254000000001,37140403.322,474732485.2183,7939022.3854,ok
341.csv,niO,offset,4928.870593728776,0.0184608194422807,30896,-0.1961846071943994,-0.0941301875018862,4928.090363964578,1810.543538568448,3037.6004677289498,10.52305986911417,0.128091105208431,28122963.253296435,76.13876534156155,456.1255789135147,13020.835340517302,5572442202.509045,0.1233376947883753,7942202028090885.0,55534288835563.16,12358461794285.877,328351464943.03235,28100855.586999804,21862953.798661195,5372769.710140589,11.216700420626267,69.16965259386198,112.16700420626267,11.288471922246222,104022044.75791895,2.33506932775396,7.016844954937838,235.3179983000425,20.408191670208243,0.0714763579271145,7285.806833191671,165.6439147196283,16.307893605857164,0.0504026242939605,6824.762790686312,460.4,44.23,0.2637890041920289,17477.915999999997,472.6,43.4,0.2340399002493765,17399.172,-0.0515665315112402,-0.1929669007992314,0.7581379297143529,0.0965175793388568,-1.865743709840009,-1.7472896474636983,0.0821331388553328,-1.8302738866556223,137.11092222694433,20.41108159796005,0.0715275613093759,148.0319968125797,69.78673405811992,16.304211329483113,0.0503210303111329,76.09981116755414,1603.6252794305144,488.28609841423406,3627.938080747982,1416.5810620036934,-0.4490209729332617,-0.1927660954671461,0.7665985459978131,-0.8005325910293501,-1.5716138850152888,-1.7474881061031369,0.0821529639189151,-1.3240831785278548,-0.4240693313129848,-1.817090403532591,-0.1691917359878502,-1.866734580940792,187.8,43.4,0.2340399002493765,200.0,43.4,0.2340399002493765,116.793042757864,29620.808700779344,116734.56889227685,11362.0448064314,10.615204260362912,4152.867538370701,10648.015205539052,532.0281202612613,434.95200000000006,35064068.01360001,229708562.6034,2070028.2104,offset
320.csv,niO,offset,8982.977983418228,0.058429434376716,46478,0.0621659588606096,0.0767172905292121,8982.976003435255,3326.3422612730787,4104.806147405131,11.117733876739525,0.2428323985312721,36479532.5747327,171.00225556121214,793.5014294650719,20270.842515610297,12239471722.485218,0.4114090432221827,1.2870262702405636e+16,336574589964920.75,152138046373319.6,20049017149177.89,29747901.20578848,20695910.15983072,30894865.053596582,28.99505766062603,57.99011532125206,134.43163097199343,28.06560190073918,56642233.475375175,2.1899773607044644,5.511812796553077,232.7115597110072,18.95109222269443,0.0663553859937325,6709.32236039099,164.7895409735463,15.4657008128819,0.0508824571554957,6343.999054183852,482.4,43.79,0.3169128460899034,17234.069999999996,482.4,42.96,0.2412718204488778,17153.825999999997,-0.0523167700229174,-0.1677477524902217,0.7917381219074114,0.1186744406557644,-1.8667856755325525,-1.7413527743245951,0.1688862550559342,-1.8001255783965155,136.1016787080323,18.95849978750531,0.0665703470982936,143.17172758181047,70.47728078351868,15.456460822930095,0.0505350133007608,80.49475295144242,1596.684624521887,490.0192898983719,3593.820236506587,1421.0126556099092,-0.4287047528866963,-0.1672491582291405,0.8298849397847183,-0.7437623665092248,-1.5819992907692435,-1.7417432122917915,0.1634706867620772,-1.4109186770436295,-0.3942106760104845,-1.84249513164683,-0.1115176236999539,-1.8863430415447349,200.0,42.96,0.2412718204488778,200.0,42.96,0.2412718204488778,140.96596872781893,30361.3711557352,127391.3173663607,14685.752315402991,9.22538819673053,4479.163018352192,10509.997881682862,1173.8523233525716,416.20880000000005,37499897.4412,276444213.5469001,4651289.9288,offset
362.csv,niO,offset,12279.54114693244,0.0284030010718113,44418,0.1198975285206962,-1.0281234276429825,12279.536878371578,2994.147949067815,3944.4911425983873,10.586749223772213,0.219034537050991,42817891.42627325,216.8586468755328,1125.1406521612653,20723.640500329424,19986016551.549725,0.2869942143612574,1.638545748357174e+16,288751018601427.25,113820808710857.84,12928784579781.271,34487131.61460457,40656197.78038635,11803113.187486798,28.938906752411576,57.87781350482315,131.83279742765274,59.1849935316947,110681893.57311732,2.1561131139228857,5.007101762547762,235.29222269443264,19.61927539311517,0.0680105084823141,7015.32414237144,166.21715178134204,16.88521282553048,0.0523582893999236,6994.5936362753455,462.4,45.89,0.2666291973733261,18407.604000000003,475.1,45.06,0.232675709001233,18366.456,-0.0520077325607369,-0.0305846442382523,0.646270116401186,0.2398545348682719,-1.8692820465590227,-1.7847427559111693,-0.3666608365335255,-1.788907925164424,136.7930939226519,19.62136634084148,0.0680696536335942,144.17275456863578,70.07661034040918,16.882743446911856,0.0522692974114753,79.59478411552828,1598.1242915427115,489.0459006345613,3504.187396727581,1419.2206656034698,-0.4417363594348125,-0.0304514300344527,0.6539534853637213,-0.7466665855411726,-1.586695447160739,-1.7848327090665144,-0.3675824018950515,-1.4113756807824922,-0.4017070899270862,-1.834986450664153,0.0029080243086323,-1.895473164065515,187.3,45.06,0.232675709001233,200.0,45.06,0.232675709001233,108.91977921638396,30629.86386865144,123484.08855950016,15989.791903730416,14.754854457868133,4749.385013460454,16074.93824365178,1131.34559092906,477.50240000000014,39257596.935200006,499538728.2817,5421178.292400001,offset
408.csv,niO,Tilt,10271.26617990034,0.0434045259420213,45417,0.2238628188679375,-0.5094855579674307,10271.253693494822,3387.360366878757,4256.352608903644,11.081222901498409,0.2500067602795137,43743391.5032756,186.81380132151943,939.487647579454,21824.366733492458,17635967842.479286,0.317085415819068,1.826023803671094e+16,301062189353291.4,192181276197975.47,27166990614478.406,38604002.039266735,32374434.94672586,7314198.095515139,27.98240500291484,58.50866500609467,124.6488950129843,29.164527720739223,69786733.34376058,1.504968721424246,2.044151646807588,235.3686303700553,18.980646533390043,0.0678665443250269,6754.494325180775,166.5304322186197,16.76383180044465,0.0513884004525511,6926.641820147995,455.0,44.77,0.3426958831341301,17925.484,465.8,44.18,0.2926958831341301,17835.466,-0.0512935664200171,0.0515514754804178,0.8300778547958884,0.3044499052655142,-1.8615545734693808,-1.7944333446763516,0.2205578709550653,-1.7594988458977754,136.74776690769886,18.98298596341981,0.067933336400912,147.68065078689918,70.31624396539745,16.761143630948595,0.0512824616429146,75.16537866200393,1591.113370693322,489.9444982767044,3439.873796256912,1421.6450586988046,-0.4495401753456705,0.0517103825595125,0.8413846464821427,-0.7717021309388359,-1.5763601437514312,-1.7945358361123307,0.2205749838155384,-1.3400942144386914,-0.3740386813727271,-1.8562381753024733,0.0862904068593283,-1.8920502927510727,189.2,44.18,0.2926958831341301,200.0,44.18,0.2926958831341301,126.64000263202232,30917.12348273808,130716.82028079891,18159.026849744983,13.654650763795631,4181.474167307229,17331.472860955942,1191.9600548291178,608.9466,35496787.6146,559131511.6307001,6559971.931,tilt
213.csv,niO,offset,11102.947607218342,0.0348755284170972,49170,0.0536843397180344,-0.5077469509724568,11102.796112121434,2907.039920119676,3928.202166670972,10.65048810526419,0.2082481079174477,46357552.32583472,187.5858612149248,1015.006721133162,22218.856226214342,18554412933.84343,0.2421668443541715,1.7500462181448602e+16,273432267077808.2,95619185686907.88,11264938732656.38,33224392.826206498,38950036.89795068,15318099.168962732,31.000469704086424,56.36449037106623,126.820103334899,56.77290836653386,58379446.75328691,1.806503623449304,2.208116625208122,235.087526561836,18.674685507862304,0.0652064668020499,6682.017145771356,166.55329512968723,16.354322666494674,0.0505627983062653,6752.5581210355695,475.0,44.04,0.3002835371256424,17648.198000000004,485.8,43.11,0.2373205741626794,17572.786000000004,-0.0524283367311923,0.0189598301799082,0.7704409922767438,0.2731975252001341,-1.8651311061199096,-1.793953749217502,-0.0634221590371559,-1.765280297509838,136.56415214619636,18.68033361665958,0.0653605775775983,145.31046472588184,70.41665635738417,16.347746446989355,0.0503149298401871,78.2527631085329,1585.9787046323845,490.6434596914523,3477.550804292393,1426.170708030966,-0.4472841545104419,0.0193514099534414,0.7973192620868,-0.7536304366976229,-1.576533864937131,-1.7942214599726507,-0.0715822365368281,-1.389607411525983,-0.3523040930311533,-1.870891996439046,0.0354872329724356,-1.900311083233096,189.2,43.11,0.2373205741626794,200.0,43.11,0.2373205741626794,208.6806466072381,29281.58301194,121621.19288386108,14903.533583797664,26.874906116475884,3904.2358862533806,15289.875487302195,1220.9868607336573,1844.1406,33174574.521,486126018.5115001,4364451.8554,offset
423.csv,niO,oil,8736.686060979593,0.0561332886056133,45548,-0.054919648059191,0.4359561346681926,8736.6857747485,4363.502930792814,4759.659201847635,12.162208247481209,0.3469584591934829,38301153.14505632,194.65878276572545,764.5023453346529,20575.1389201669,16939904635.93338,0.6555525738227311,2.5067255235048216e+16,1194671916562768.5,1054414206919168.0,151511221749257.78,36900772.38496808,28983914.74174162,24647006.47074344,28.625740802862577,59.04059040590406,123.44850721234486,30.731550343249427,61795205.77199996,1.6261157865828422,2.68250533697976,235.20682252922424,29.8766248671626,0.1125232340162357,10381.16742763018,166.1933858843109,23.558429063343468,0.107125690173837,9568.674702205362,434.1,58.06,1.035988472905712,23350.703,445.3,57.38,1.0273480662983423,23289.579,-0.0506996917255584,-0.2627755643322402,2.2923355932971248,0.0821304280159474,-1.8721949978338368,-1.7685773718393951,9.204535747417257,-1.8128112757388384,136.70712008501593,29.877500531349632,0.1125327944877155,151.27769968119023,69.95232334029738,23.557307273523765,0.1071153491500716,73.46947930449404,1613.1589666312434,484.72526221036975,3778.1917277364505,1456.9903779531248,-0.4382610290145565,-0.2627416301998744,2.293045116515389,-0.8599271749671349,-1.5744734197891392,-1.7686163099725245,9.207978469402155,-1.2332739235238726,-0.4648384563053518,-1.7752546531329616,-0.3828192665687381,-1.8345974433475352,188.8,57.38,1.0273480662983423,200.0,57.38,1.0273480662983423,154.5388563852196,52143.13522835023,149603.9197451811,9259.88467960111,20.433612947126903,6766.92805017527,10156.367112442036,826.2318877162852,915.8760000000002,95327547.672,314985827.4692999,1271058.7189999998,oil
382.csv,niO,Tilt,10875.844554338968,0.0369832822663011,47562,0.1516169530636748,-0.6819434724816662,10875.770194297686,3390.095083785809,4283.556605281258,11.030766454079604,0.2513041411650722,46378059.29941468,192.6210430240173,1003.9992123881124,22156.87708772016,19818559069.60701,0.272511878496606,1.9969744452911308e+16,259628170862598.8,211752395076462.0,26271587014354.4,43690550.52547917,34725683.06067343,7982854.072547929,28.382518948556687,56.76503789711337,131.5916787614901,29.05333129584352,79326314.96262375,1.635553410774525,2.8777503967677287,235.3067148321292,19.28091797705057,0.06643623583402,6918.8934857628565,166.3087642823186,17.529888845635934,0.0539038903600603,7236.463737389799,450.2,46.53,0.329193489976055,18710.35,462.9,45.7,0.3018842530282638,18650.17,-0.0538214193049703,0.0963249656401525,0.6807212216432904,0.3488450991869341,-1.869841221432492,-1.780935959641306,-0.2558227738760679,-1.7315285922404182,136.7416702082448,19.284961750956224,0.0665221395825268,143.57008882277944,70.17615269984503,17.525356461895335,0.0537841786337525,80.2608475951382,1590.8436980450488,489.08426551759743,3417.366881640459,1419.875790231048,-0.4426556738845459,0.0965770886946091,0.6898559777908456,-0.7419090491925951,-1.586647555931223,-1.781063699362551,-0.2533699737772346,-1.418473393502447,-0.3755805537574101,-1.853306866391201,0.1183806360014121,-1.88264106868987,187.3,45.7,0.3018842530282638,200.0,45.7,0.3018842530282638,115.40863042761931,29659.94111811064,116599.69389683688,10857.952457636697,10.63418994552197,4291.9880310182,19017.65142262946,1061.0890919019769,331.0795999999999,36041930.4582,650658570.9597,2410117.696,tilt
393.csv,niO,Tilt,10879.143623448426,0.032432149219323,47170,0.171330172175358,-0.5908390678904181,10879.08980104554,3563.437548587041,4460.121145601642,11.156229124138203,0.2768761314567148,49089792.003726296,193.4586798011165,1001.3428319330644,22951.82574927941,20260375304.870407,0.2890733206166272,2.1007923696861428e+16,315282908210777.1,201979722136962.75,31654156217733.965,42128557.37904978,38273666.435968176,7599422.404418767,27.664256523105937,57.84344545740332,130.77648538195535,28.709975369458125,79924410.17258516,1.7512066842582947,2.8025375001397235,235.3897490429605,18.94159931943853,0.0641416826573827,6811.027029349213,166.47636171534126,17.217385937170906,0.0553605713846591,7054.318952548897,463.4,45.06,0.3522375873330853,17994.926000000003,474.6,44.23,0.2893587994542974,17933.454,-0.0536013256915782,0.060501366337907,0.7271591174369,0.3144856140754303,-1.86472704122162,-1.80635824015016,-0.0974163045478087,-1.7608818479380954,136.7288600595491,18.9456656741812,0.0642616688913964,141.0107433007231,70.29724547578545,17.212825509550015,0.055184219246551,83.34801290883495,1587.4668468736706,489.9143228695068,3429.284517439388,1424.4421369031616,-0.4467989700670439,0.0607321388961228,0.7422410420681101,-0.7507092517527463,-1.579768391908779,-1.806483736767516,-0.0974240569419278,-1.3824668527674984,-0.3605067922700439,-1.864773361900072,0.0979967000522187,-1.894248416534356,188.8,44.23,0.2893587994542974,200.0,44.23,0.2893587994542974,259.07557422131816,29982.776449013912,126961.47242705632,17547.182331585213,17.567407640857255,4261.974467578437,18420.39626086356,1012.5119526596208,1412.5512,36389246.8148,601760601.6544,6288181.246600001,tilt
250.csv,niO,oil,9909.43472867044,0.0622423328305681,48061,0.0145148128017278,0.008222719316596,9909.427095407713,3939.502862707292,4483.267004304451,11.557788701748574,0.3040186248405285,39420794.76506096,207.5606194393059,872.9877255832052,22049.322165582395,16307492407.098846,0.5984127525004613,1.7892429771059006e+16,1093899365348455.2,381157770640892.1,55515730778185.76,30823831.69971237,29507685.2495779,29489150.610270903,33.78582202111614,57.91855203619909,142.38310708898945,33.29155886157827,48877461.62413336,1.67484928396346,2.0756096959708605,235.22055697278915,26.65646471088436,0.0984780505626611,9178.565794855442,167.0395623516541,23.14939726767664,0.0961284169804553,9105.48355125338,466.7,56.01,0.5020387176808566,21582.278,477.5,55.23,0.4493601462522851,21501.008,-0.050418165628173,-0.106514077192859,1.4249245952180034,0.2213040948482442,-1.87076601184794,-1.9030106497256705,1.6898669737826344,-1.820954692384343,136.30210459183672,26.65844600340136,0.0985421006665443,145.3976887755102,70.42633502110198,23.147089842522583,0.0960513071209404,78.38900717072,1607.8247867772106,487.4981705323288,3622.8905089285713,1468.588462225635,-0.4332645415005831,-0.1064544792353202,1.4292996024397593,-0.7580706707564829,-1.590356279494293,-1.903077552518876,1.6962708649004936,-1.3862192755012226,-0.4414169686317442,-1.802543731742236,-0.1660826406104167,-1.94992883100718,189.2,55.23,0.4493601462522851,200.0,55.23,0.4493601462522851,180.89821447783564,54496.48234693061,187082.73953303177,13055.500948743516,12.829742510938738,8462.252056626357,19388.51219101712,564.2062980438044,808.5544000000002,118394610.76800004,1021119729.4012,1967238.8768,oil
387.csv,niO,Tilt,10256.43867175629,0.0330112326482562,46662,0.159400992841304,-0.4770570004515799,10256.398071910604,3732.841081313054,4621.3130358942935,11.319679595041338,0.2979061713520844,48747076.14575662,186.2502255957879,946.481143940825,22211.79855506825,19325880622.522827,0.319603477121418,2.1266287025753868e+16,318431798816929.9,234735352047571.7,41119559271978.13,42211252.22335048,33423830.960155725,7785682.846326518,28.25329867072153,56.50659734144308,103.5954284593123,38.00455729166666,68867977.85275373,1.648912952964633,2.1693595837450017,235.3833829154271,18.88089460263493,0.0645025870973363,6776.928626221844,166.30231319873047,17.072911874029867,0.0545316664083814,7012.316188129649,460.9,45.31,0.3571451254366465,18208.158,471.7,44.48,0.3282089552238805,18130.048,-0.0524508364650581,0.0670830913388424,0.7614584261772972,0.3263373700908907,-1.8672835158213343,-1.7880184226208038,0.0872908109212371,-1.737249096008498,136.80917977050575,18.886468338291543,0.0646150070825088,141.87810199745007,70.13934111342117,17.066624195958486,0.0543801138036615,82.4755434229486,1588.2114260518488,489.5187562801953,3437.7372133446665,1422.587396950889,-0.4434218501826192,0.0674243539589399,0.7730086643557778,-0.7472428469575397,-1.5871870765179192,-1.788196016944222,0.0946725744626939,-1.3975162864606223,-0.3640969016909044,-1.8610042980078645,0.0876258742026031,-1.8910988613302089,189.2,44.48,0.3282089552238805,200.0,44.48,0.3282089552238805,245.0680886518134,30595.09230400808,124438.68422467676,14637.460390468385,11.55286485826478,4384.317143950667,18665.25072339753,1210.8719334115722,1011.5032,37859176.84959999,597416555.7603002,6295417.736400001,tilt
215.csv,niO,offset,12225.381885337312,0.0373532550693703,49386,0.0871992935754156,-0.8283373133308292,12225.130105917538,3197.9231692225285,4167.673258080406,10.569255498612916,0.2438780906469686,41949162.66625087,215.31523535795768,1123.081582846366,22320.795391088403,18724568144.92892,0.2579160229836721,1.4418627357392118e+16,228629179954621.2,101965210539960.44,13572769811232.637,29926628.45411485,36921900.55017929,15194072.084361222,30.73639274279616,58.057630736392746,126.3607257203842,57.4233565107459,62849648.8678216,1.8315268504710505,2.4214513740339925,235.27167445813853,17.960975350616234,0.0623442570500606,6434.696342541436,166.41400543822877,16.023067136865752,0.0507005116649698,6581.379172465883,448.2,43.5,0.2751828631138976,17464.819,459.9,42.67,0.2494252873563218,17413.627,-0.0526130169112662,0.0593432557294592,0.8877388356384663,0.3109658506194045,-1.8673491046926785,-1.7797042232518023,0.1946223824493946,-1.722785691474657,136.6979175520612,17.964430514237144,0.0624208576896986,143.71846642583935,70.2425181944212,16.0191177504048,0.0505929220000434,80.1451258924212,1581.6797877178071,490.9837513594524,3455.256620271993,1428.7219438727177,-0.444214283765343,0.0595855090373813,0.8979063343342977,-0.7430412714398583,-1.58355897059956,-1.7798408560843393,0.1992530458343804,-1.4186687409149523,-0.3362207383873765,-1.8819792421202053,0.0646261199002649,-1.900976548678792,188.3,42.67,0.2494252873563218,200.0,42.67,0.2494252873563218,113.61593174262975,30046.944720103023,121662.18733913978,17357.142118191736,9.090144540396428,3564.997949256071,16146.436336192002,1714.9317548355964,303.5088000000001,31089005.63119999,482170112.3039001,8806089.9152,offset
335.csv,niO,offset,9050.12208433376,0.0471033788981596,44205,-0.0782445258740181,-0.1783264526866292,9049.96597409163,3352.8041010770457,4120.19284057398,11.040226304116665,0.243440977872273,34044206.604146406,181.72810032293097,799.8157196607142,17770.437763916903,11628815756.006166,0.4100226403416669,1.122453522283088e+16,330879845649857.1,119420276287801.7,20432003499897.035,27780459.40280943,20507574.14701396,26148589.77316405,28.404047576779693,56.808095153559385,133.49902361086455,28.421172539489675,65663839.26767869,2.1839175812436302,5.97872727453554,234.27861123017573,21.1079382768967,0.0748803948523505,7489.893670381482,163.89794783486582,16.91482129037621,0.0509347335732005,7047.48986392716,440.3,44.38,0.3158671078025917,17445.228000000003,451.1,43.45,0.2534739454094293,17361.792,-0.0674834318057856,-0.1504784358009541,0.7303451004072554,0.1192336843450995,-1.8721974556506007,-1.7423321962864409,0.0883318878773229,-1.8160726535253904,137.20252893270467,21.11205957993999,0.0750019260292982,150.77651821688812,69.75497485231173,16.909591686329286,0.050714719466551,72.59156450518782,1604.4334219888556,488.3780283362958,3636.969964637805,1417.9735032146589,-0.4454277545302198,-0.1501719073235485,0.7568820486900371,-0.825830601429585,-1.5696389447988617,-1.7426219979691977,0.0736994443024636,-1.2579064589508169,-0.4269122599792969,-1.815524148092828,-0.1771532647865668,-1.8655908855292944,189.2,43.45,0.2534739454094293,200.0,43.45,0.2534739454094293,160.36009102994316,31202.76761459805,113922.56552286058,8444.651237661537,18.013372090912622,4647.449198305988,12191.251437326117,459.7333827221696,984.1971999999998,40100916.9,281992469.6904001,1094648.1535999998,offset
223.csv,iO,,10887.966661751723,0.0477142143392455,48089,0.0513833359826468,-0.4580685600147163,10887.82982136316,3053.1357270886683,4152.044112259165,10.694944516121458,0.2251079495279833,38418090.83931235,193.3722041984428,971.5342709201752,22704.46813458787,16076173424.403156,0.2599144544814739,1.484342660018291e+16,222763885064382.62,114832239700833.4,16080087082683.334,28623205.74762516,33211075.85323945,28888610.95371408,32.97526854858856,56.95728203847114,143.8920809392955,57.12515984654732,51044861.6319456,1.772939467652342,2.5302271560257186,234.459296590178,18.723785116877547,0.0707684204178,6477.99857194939,164.64022772346047,15.902220570332256,0.0520988528077152,6539.838157857739,453.0,43.21,0.325577543918494,16661.774999999998,463.8,42.38,0.2575447570332481,16614.524999999998,-0.0646431362138426,0.0044503313457712,0.940998185805982,0.3095433017405259,-1.872588066079641,-1.785609993653265,0.3647800195977768,-1.737643480101637,136.8752519837015,18.72722067338623,0.0708885882302053,151.13132489813424,69.93577424399562,15.89810310853407,0.0518947316316064,71.31389406414829,1608.8178312245336,485.79066533705736,3448.0581016512974,1413.789297020216,-0.4352119376008077,0.0047366856685782,0.9659112283084988,-0.8094495546529115,-1.582185909251124,-1.7858441647243066,0.3589853342702236,-1.259381570447858,-0.4510442412043882,-1.7917609511244423,0.0821609621793471,-1.881418121962056,189.2,42.38,0.2575447570332481,200.0,42.38,0.2575447570332481,114.4266144294907,31208.40033941872,119603.88021460992,17333.261922798338,9.520927616122222,5490.008842768856,17232.347507274873,1392.061702672622,375.1004000000001,45591605.7392,510884062.9037998,6960755.662200001,ok
257.csv,niO,oil,11138.842311488106,0.0499642686993806,48118,0.0533459540264484,-0.5454520206508029,11138.715636926818,3343.099997845637,4131.611412884642,11.056224864739669,0.2474817243924008,40149595.89174712,221.19994092564664,979.5226821066964,22185.15798984825,17301017550.14354,0.4262515082904661,1.6694610586263244e+16,542769341094538.3,228267638110098.56,27010312098873.555,24863558.90810948,33068541.72258392,34937017.466389984,34.30204859456884,57.17008099094806,142.92520247737016,143.75788146279947,53712870.47890982,1.7044131650856562,2.2847114813623133,235.27245852828585,24.793381539770312,0.0900219600453868,8636.933822841345,166.93252553008185,22.02464734010436,0.0873635125582074,8712.74258147969,457.4,53.71,0.5004105991089832,21184.133,468.2,52.88,0.4457809694793536,21108.371,-0.0513271969859472,-0.0440638788797492,1.3990352888861235,0.2637825326435971,-1.8700718062332768,-1.8933986434188104,1.597137482541812,-1.774715935323519,136.38987664823478,24.79818587834964,0.0901297544668949,145.29227817949808,70.4067023743568,22.019165016912314,0.0872373538872676,78.26013384196028,1593.8739466184602,490.25747656720097,3592.6595591237774,1478.442910434837,-0.4350152485730456,-0.0438990796269696,1.406549213646129,-0.7557110943976615,-1.589296549014675,-1.893555028260549,1.6085856180256457,-1.3872872940881107,-0.3825426147517418,-1.850665629214447,-0.1224844214834144,-1.9696469625746,189.2,52.88,0.4457809694793536,200.0,52.88,0.4457809694793536,145.77314094235103,49619.42905809412,178004.31501087025,16210.406051014914,14.662380546699053,7376.794594402909,20313.674177802863,1152.1643882632452,590.5169999999999,103247770.3272,955328468.031,4971548.667999999,oil
350.csv,iO,,12266.097010908095,0.0373935821872953,47856,0.0833126268154445,-0.8653860415760568,12265.563741613276,3293.4986967851464,4301.98364418727,10.699641351622304,0.2550947182123911,46161026.97553922,209.6492000256546,1135.5019682528289,21894.80398610037,20811752966.410946,0.2734927700185985,1.7197873922097308e+16,193778303864349.88,133332537865554.66,17531638598996.91,40695930.69740951,35750682.17522347,9478664.98911414,28.29076620825148,59.72495088408645,122.5933202357564,28.71788537549407,96148246.36443442,2.3336194927963514,6.2489048754648415,232.6950913727157,19.08155758606035,0.0700799698733264,6664.078681045475,164.7718029878087,16.827509317058958,0.0535628662886025,6911.06471971265,438.9,46.43,0.2994616438936852,18407.344,450.6,45.6,0.2618925831202046,18322.08,-0.0471753322597233,0.0650236661484433,0.7653013168012331,0.3528600180663907,-1.8746949182830464,-1.7664554728179809,-0.071141487073719,-1.7132536529265576,136.09222269443265,19.08743518912027,0.0701918119066207,147.54558287292818,70.20088457098188,16.82071493590226,0.0533979236980244,75.038518455495,1598.9534685507865,483.4107292078362,3415.428059073523,1414.115889819607,-0.4143329948520082,0.0654550643577964,0.7799263157058131,-0.765777444459554,-1.6063643164972998,-1.7667131427770606,-0.0689392299369151,-1.347127504033922,-0.421194563159485,-1.80715913850686,0.1270664036561459,-1.8731099396572743,188.3,45.6,0.2618925831202046,200.0,45.6,0.2618925831202046,123.26225229943672,29915.84509915411,122988.7966311732,15020.9891292852,15.07890135356161,5227.209551794538,17550.702615935472,1591.431743777946,563.7882,42590048.57040001,636285429.8642001,4972430.889199999,ok
338.csv,niO,offset,8888.66147810204,0.0501951046470379,43626,-0.0844586971615214,-0.1400157727149342,8888.560556037108,3376.335394812292,4114.741919583888,11.020308190513491,0.2354938819894397,33957022.062221274,175.94437120824665,785.3329819026884,17351.159695649025,11196216775.676647,0.4038972547195678,1.087711371251821e+16,271810310142419.2,131377684040791.69,21320110061598.203,25885224.973346774,21296057.34662018,24692401.5381969,28.378857750975524,68.10925860234126,133.38063142958495,28.450732899022803,63320716.661479175,2.175310844402264,5.383595715207173,236.5992082174192,21.268688208859405,0.0748036529341515,7625.72671731222,165.52735873939434,16.87093764179254,0.0483387618248969,7122.959891145623,434.5,46.28,0.2835997128391143,18375.615,445.7,45.5,0.2389027431421446,18351.13,-0.0688472697749989,-0.1695132330563338,0.6708769350255925,0.0936357239011222,-1.866205682980851,-1.7334889603927084,-0.0450762059689906,-1.827206351197683,137.67633212069333,21.269942221271133,0.0748607645689365,151.8618104001712,69.72191114333344,16.869331681721373,0.0482300528210589,71.37545737535991,1605.9625625936228,488.017199317663,3638.1785957628936,1417.9540981867383,-0.4700737083032654,-0.1694189244567347,0.6849676140875636,-0.8359264544043624,-1.546534300682895,-1.7335808561679014,-0.0559424164226407,-1.2363186235929575,-0.4335699737477558,-1.809621172565464,-0.1791979162305559,-1.866666757520533,188.8,45.5,0.2389027431421446,200.0,45.5,0.2389027431421446,120.11621919773356,29676.38850810352,109558.95283735094,6908.243664410251,9.056971994504588,4427.391123343446,10858.13586831125,515.1762603010253,412.5027999999999,36566378.8092,251022847.6231,872612.8566,offset
333.csv,niO,offset,9184.60114343227,0.0472149175233086,44720,-0.0699635678042765,-0.2320032063120702,9184.49817236652,3252.676461074442,4003.4607257192815,10.984022278465762,0.2289490190876887,33683310.92116605,181.4684956849001,812.4886442481218,19131.314558869497,11801572324.425789,0.4251614356618726,1.1295891842540458e+16,374985695653020.9,120444817214918.05,17075207966566.7,27735920.557283588,20330739.41213176,27410834.752070144,28.6875448242888,57.37508964857759,134.8314606741573,28.38155644241733,64650895.714451104,2.186670912721219,5.865744470348959,234.3692802056556,21.48817266495287,0.0782319644684428,7581.771274207369,163.863483276954,16.717650461844073,0.0520475381982983,7044.874728349614,427.6,45.85,0.4387558829547779,18064.928,438.4,44.92,0.3572744014732965,18026.396,-0.0640972292321749,-0.1982580373862753,0.9869153986524098,0.0862293073617745,-1.8737713906777616,-1.7075864026094036,1.581780360556576,-1.8282721953212453,137.21542416452442,21.49127035132819,0.0783685288330695,153.8558798200514,69.50854645825554,16.713588143167136,0.0517807983516192,69.49408307404498,1610.4530389888605,485.7898961846331,3631.915170308484,1417.709298399584,-0.438824602016833,-0.1980023667087823,1.0255353406790435,-0.8654052761393667,-1.569667410082568,-1.7078553763669284,1.5795359792791066,-1.2018640501594342,-0.4519192543187719,-1.789200296183031,-0.1644989537634016,-1.87038173367262,189.2,44.92,0.3572744014732965,200.0,44.92,0.3572744014732965,167.05663117811048,30020.279617365763,104661.59798126208,9670.11692739117,19.683096275712035,4682.348897872309,10257.947662946654,723.2967331934276,1146.4899999999996,39058216.22300001,203634057.4692,1677880.9542000005,offset
189.csv,niO,oil,10877.270572144113,0.0528804062335843,47942,-0.0333394345603864,-0.4411482792177215,10877.191923268218,3973.7107007166633,4527.210192979907,11.271349395141833,0.3027408128595347,40660132.12042488,215.02723005266384,976.5626298591764,22287.922620038386,17413454936.003227,0.4599791227452178,1.6415689868581594e+16,553356663662284.4,343350210247816.0,52311946247862.39,30701197.26044511,31026255.921047777,20155723.71543961,33.619331115391354,58.83382945193488,123.27088075643498,34.69141440501044,51307188.04494791,1.386889259806616,1.1099428161556109,236.9959476843911,27.29432246998285,0.1000904403323658,9462.84387993139,166.62195512070497,23.64758074549102,0.0958769096660385,9339.736165430342,502.9,56.99,0.4981097099621689,22290.455,513.7,56.11,0.430076923076923,22228.303,-0.0651620245756223,-0.1162009284820355,1.4528005337006629,0.1916604508224114,-1.8668012456346048,-1.9098196440733688,1.8440945726704865,-1.8430110487770544,137.23183962264153,27.299972126929674,0.1002529512592505,148.38290030017154,69.95212940184759,23.64096531589185,0.095678517688659,74.89215808061732,1601.9300563893653,486.6354401127135,3617.58711042024,1477.9450524084505,-0.4501100672742116,-0.1160324862509097,1.4644826290748574,-0.7886358969540677,-1.5728940051223732,-1.910023151412237,1.861422100645597,-1.3276126097927163,-0.4226824234427581,-1.8146616978688184,-0.1624654135512822,-1.9558613990093527,189.2,56.11,0.430076923076923,200.0,56.11,0.430076923076923,171.16100362575747,56968.27955238566,192232.57281011663,9712.243778680286,18.90598693779213,8610.842914136258,19062.45849196126,748.566410981351,1069.6639999999998,127084035.22,995721950.0928,1574399.9554,oil
187.csv,iO,,11101.623103289758,0.0373801291669384,49263,0.0498157848084713,-0.5807943120685937,11101.165440048331,3243.9400863246788,4258.607186565527,10.691901298097784,0.2456445215062266,39066138.38955616,194.2133880913341,1010.3268228144522,21281.151909288565,16521800724.752377,0.2804689846331968,1.4098676378125132e+16,243816425888648.44,118848776944810.98,19725683964887.73,33039689.282393686,27046096.21288658,20042506.04378616,34.44451692869724,59.49507469502251,122.12146911083568,35.52945859872612,55542645.335896194,1.5448076297277058,1.7098848981090766,235.2922569666028,19.306247606892143,0.0685796725878595,6892.177853435441,166.44970338529797,17.2955587289437,0.0517570861906347,7175.160972960557,461.3,46.14,0.3130403896894662,18197.08,472.1,45.36,0.2668865435356201,18134.928,-0.0564610857360828,0.0853758288184338,0.7068931305878277,0.3367074464340282,-1.8674187851708224,-1.7911019444232674,-0.1329913403263676,-1.746869057999052,136.6645607317592,19.31113805573282,0.0687074451391831,147.58130887045309,70.37977640465779,17.289999612439793,0.0515577185007325,75.20169317085318,1590.242423526909,487.5721411823852,3416.584639863859,1421.965836461969,-0.4480797552459215,0.0857061038029171,0.726113462686896,-0.768248247950491,-1.577188524973062,-1.7913060979903184,-0.1352653989029493,-1.3479188326724607,-0.3780985125521579,-1.8484755491124985,0.1187494598730206,-1.8853066961841445,189.2,45.36,0.2668865435356201,200.0,45.36,0.2668865435356201,145.15343859059,29953.043245984816,122112.30031341295,13596.118873912144,13.969104784217125,4508.431882384074,18931.82430895088,939.018138049844,613.5067999999999,37499666.0102,652473874.1065003,2997785.484000001,ok
243.csv,niO,oil,10229.308604926891,0.0608108108108108,48863,0.0452475877199724,-0.0940394864476297,10229.17560999237,3730.436408166842,4426.768724596356,11.401149495366118,0.2879370301255773,40739751.06311416,208.4151957288004,900.03455524932,22752.421868010053,16625308860.86003,0.5042936281154164,1.7948513310640872e+16,777725092519245.0,298215078670044.4,46023660836912.48,31056369.91633324,36528975.93567938,29189345.93005165,32.68384663733501,57.8252671275927,143.30609679446889,57.05461638491547,51960022.54987712,1.824125863173918,2.667328587579261,235.32889361702124,26.919334042553192,0.099685398981084,9364.158958085109,166.9744842876206,23.33324861289449,0.0894640807719895,9330.707549574676,468.7,56.16,0.4915339859260133,21685.942,480.4,55.28,0.4235011990407674,21621.138,-0.0518202309903808,-0.0925388931005812,1.43267633534183,0.2119019061000212,-1.8701703475030045,-1.9188245959616952,1.801702824314641,-1.8410858840136184,136.38744680851065,26.92361489361702,0.0998092244317715,150.94424999999998,70.40801629909902,23.32824125080837,0.0893027809807912,70.81638424499037,1595.1944980851065,489.7635677221067,3606.49254425532,1479.048359579021,-0.4353179629090283,-0.0923958310301266,1.4434714940228264,-0.7906096110248477,-1.5872713895476904,-1.919003198123533,1.815569428805764,-1.278692924177399,-0.38904012071211,-1.8453434697676023,-0.1431545514426553,-1.96480690723618,188.3,55.28,0.4235011990407674,200.0,55.28,0.4235011990407674,132.41258099418104,52393.86560597787,184136.99092410097,12040.154772477174,17.498077404536577,7231.764878841792,19259.665970610047,340.39709091540425,677.4,102342258.407,994944395.3513998,1481932.6468000002,oil
181.csv,iO,,10391.72161738546,0.0386740331491712,48920,0.1337830562081451,-0.3614789934357527,10391.627062680302,3076.533765105119,4074.8270918739945,10.936862471825329,0.2251357881611239,43858025.76068289,178.26464503106936,947.8617885688916,21711.04993733365,17879763500.15561,0.2830439092272022,1.866839192069193e+16,313693750637415.75,131496061838359.05,18951554533028.645,38239460.534345694,28789803.914955404,22223815.51625444,35.69910752231194,58.648533786655335,122.39694007649808,27.48631386861314,58153479.15924133,1.7693165142961695,2.332621884876853,235.2366787157134,18.60760578354241,0.0671130620956888,6598.4464178184135,166.45517724629912,16.226994144661823,0.049557389524332,6731.546528620464,453.1,44.57,0.2844424192212096,17666.636000000002,464.3,43.69,0.2224705882352941,17618.846,-0.0556834220661671,0.0259856916419582,0.74050791759109,0.2984449000095867,-1.867548631177169,-1.7975465093939975,-0.1295561072389066,-1.7632552359402385,136.64754412077394,18.610941951945566,0.0672227001745496,147.6441569211142,70.37576047555395,16.223097957636735,0.0493714114981341,75.08875367657645,1593.9484813948543,487.0522892888283,3436.709745481608,1420.091515587578,-0.4486917111205606,0.0262289168833647,0.7620445028497803,-0.7656333345441741,-1.5750608054990898,-1.7977233213013042,-0.14058509551649,-1.3566963030716073,-0.3923384730188362,-1.8367168107978509,0.0941136028326884,-1.8862171861628907,188.8,43.69,0.2224705882352941,200.0,43.69,0.2224705882352941,125.92982053881605,30101.126426341885,122319.46723214476,14188.591469401508,9.2930996411265,4389.117495140866,17186.739300429763,1124.8143794083858,395.9903999999999,35375601.56860001,518500385.8779999,4869834.688600001,ok
321.csv,niO,offset,8997.689718163803,0.0514163548904329,44564,0.0011687307022146,-0.0251371924789292,8997.679913914562,3666.645295056602,4370.024629144215,11.29233609189339,0.2801684254056942,38006779.72009174,175.5210096827669,799.6030559978914,19566.606222395443,12794936653.84739,0.4408713185799979,1.3586856074466134e+16,359383261597016.75,191556851819640.4,32169359015248.484,29831608.522087354,25557674.11434933,26492952.283021003,28.220203099946552,56.440406199893104,135.97006948156064,28.27809798270893,65574361.23233926,2.26109198318899,5.87821647819762,232.72671058223543,19.574717382065447,0.0685897123362853,6962.343191245219,164.80195348016366,17.263217023265828,0.0528214555715327,7089.049217492076,447.3,45.5,0.2564544420984245,17884.457999999995,458.5,44.62,0.2190076335877862,17833.535999999996,-0.0462151854189702,0.0297667522059302,0.6638104913851482,0.2765248623313631,-1.874660045973088,-1.7994258184238152,-0.3336049352456922,-1.784941027494298,136.08036549086273,19.57841478963026,0.0686779499943485,145.0803695282618,70.14548047135627,17.2589427479406,0.0526887478446712,77.97754511556091,1587.3485590735231,488.0685746019268,3467.402821716957,1428.078426585258,-0.4135027573525934,0.0300050682766307,0.6753106083763016,-0.7451861703243257,-1.6047822775454732,-1.799586255040398,-0.3347402514750883,-1.406420797923668,-0.3648901888074581,-1.856760797775424,0.0553567766451018,-1.9035671642312173,188.8,44.62,0.2190076335877862,200.0,44.62,0.2190076335877862,138.8270685450182,28634.670660448843,120406.90308753426,13820.077386777,15.43822929371099,4021.177008180058,16579.61918690337,690.196662470234,640.3224000000002,32632943.696000014,550844705.0747999,2941363.9799999995,offset
322.csv,niO,offset,4248.338205940391,0.0035313987409795,23087,-0.4669842750319671,0.2740625255542825,4238.467953727338,520.7758780077498,1560.4699509142467,6.116452724434785,0.026723743192697,6872176.108063759,47.54702010945644,398.05181537353593,9868.27151394968,1078015625.5859067,0.0039201398294144,384530894117568.0,39170196048.92061,5046172179.674624,119581109.16297027,3730150.209577892,8491275.23104451,1392922.779325366,7.3698756333486894,66.3288807001382,103.17825886688163,11.18951612903226,74459804.3454203,1.735222231647538,3.172655582877049,232.6335954101148,18.801234594135146,0.0678955041184581,6628.398335741607,164.75873176750738,16.62635403338844,0.0519866839563537,6816.267868265769,446.8,42.62,0.26753524288408,16507.386000000002,458.5,41.79,0.2359073359073358,16423.47,-0.0482941538473613,0.0234193249697737,0.8083482042513267,0.2882184237823492,-1.876879218311684,-1.8501719662530989,0.0281432355271191,-1.8092379390771625,136.03729281767957,18.80712069698257,0.0680039082526689,147.19356587335318,70.21027846359941,16.619569975199756,0.0518270349649342,75.23043176716041,1582.988351466213,485.70079910890576,3422.1157195070123,1424.632598063504,-0.4135898412872454,0.0237969680215282,0.823304772295863,-0.7585048134981128,-1.6056000720797514,-1.850497457150348,0.0312698152362678,-1.3648791244184415,-0.3545997177075233,-1.8563558558840587,0.1123109534706976,-1.888685029819627,188.3,41.79,0.2359073359073358,200.0,41.79,0.2359073359073358,120.3706604154634,29793.15115749969,117895.3551331524,6702.150720333618,8.498136489285843,4062.2153126919234,17243.628392253435,277.4452217130685,337.4771999999999,34113094.67919999,547377805.9617,541262.4639999999,offset
224.csv,iO,,10145.78150806056,0.0528488852188274,46927,0.1125818084392463,-0.1529479116478458,10145.779368440151,3051.8267953474256,4158.183861907125,10.81656871503568,0.2224275812432229,39648839.83335567,175.54542501432803,907.7894400406676,22592.876950729333,15770300891.54127,0.2235856324117606,1.6624482302549632e+16,215041236638372.4,125107015589644.05,18110661715501.883,29409274.3879758,29145964.2289056,31386977.048578773,34.351775392237826,58.13377374071016,142.69199009083405,33.91335227272727,49554531.34348872,1.5459711844973094,1.7611507890826674,232.65085070182903,18.26115482773288,0.0699391132287571,6307.339797958316,165.1510018380923,15.643274987531354,0.0528570217078779,6393.434661224501,443.8,42.72,0.3572636782078316,16564.072000000004,455.0,41.94,0.3130013831258644,16497.908000000003,-0.0480632046436267,0.0099604653812124,1.2597120877656292,0.3029232556868712,-1.8725275587379056,-1.82386231288796,1.586665923515322,-1.753844112340463,135.8905359421523,18.26542322415993,0.0700372994080188,151.14666843896214,70.4741684084235,15.63819685765911,0.0527067920244094,70.50053239109536,1595.4021492981708,488.45680617653454,3444.040519140792,1422.8941595403935,-0.41722703893085,0.0103103534683515,1.2782071853089048,-0.7986243145634779,-1.600489850764495,-1.8241845773252965,1.6017352796221855,-1.24263739068248,-0.3938371928174011,-1.8394182196588151,0.0792451331166143,-1.8985634880593747,188.8,41.94,0.3130013831258644,200.0,41.94,0.3130013831258644,119.0037698834414,30783.0340519008,121593.20058411852,14796.4175645269,11.499114797450966,4771.397149456701,16891.374231540896,768.1720239965682,438.3344000000001,39940435.58899999,509280286.1343999,4060070.2156,ok
357.csv,iO,,12534.440634402064,0.0276108823330858,48185,0.1122026419903022,-1.0152491002677155,12534.235088080006,3035.2207667630432,4129.152342249167,10.527287932111488,0.2357364159208787,42112971.454722375,211.50496782661992,1165.0772166142126,21820.386713605218,21162488033.637165,0.2462210749315622,1.6940832858268754e+16,190798534524367.47,93629329007858.77,12275084377096.236,48295944.39529902,28993343.24558787,9179342.286302758,29.16357253763585,58.32714507527172,123.13508404779584,28.68559160305343,105548735.71546936,2.635205300584894,8.848889329542931,235.31310359497976,19.56768985322272,0.0698806649185893,6944.072673473729,166.36862529809918,17.195059908526897,0.0518394622480629,7148.5943537137055,463.9,45.45,0.294935208596713,18093.609,475.1,44.62,0.2297566371681415,18049.275,-0.0550563511199729,0.0548871938011091,0.5839281687588349,0.328120133557981,-1.867011468119813,-1.7713289247061006,-0.4862598184025661,-1.7415691879424091,136.736821952776,19.570080833865138,0.0699746618877165,147.21593873643906,70.28370098896742,17.19229078079275,0.05167370848259,75.79149823651152,1604.145430546692,485.50295194665983,3435.144015954052,1413.898395019797,-0.4486050767229129,0.0550561058051475,0.6017266607409668,-0.7709850006382686,-1.5755113076383975,-1.7714322073744886,-0.5028020168270659,-1.345279325705506,-0.4350968315207857,-1.80351512767174,0.1007765739615413,-1.8787574833608804,188.8,44.62,0.2297566371681415,200.0,44.62,0.2297566371681415,123.34590950213514,29546.42928426748,123171.03705570036,14862.007615360046,12.154216134107848,5150.154523188222,18442.199725261045,1409.8437669184734,462.7600000000001,41126462.48540001,637179187.5604,4227343.840800001,ok
332.csv,niO,offset,9464.758069588266,0.0451532725766362,44109,-0.0361990222310192,-0.3049253631914843,9464.597181515954,3262.203681264777,4039.9882063841055,11.029385531671862,0.2322092789516295,36354119.95318886,186.4304359707644,835.3311564352696,19428.72359764058,12662590474.484652,0.4542155366706492,1.2276247788570906e+16,370290211297016.5,121458451493243.42,21966965633531.53,28358165.30868601,20288149.75998684,28387496.540426992,28.40572848857853,56.81145697715706,133.5069238963191,28.455748175182485,64556964.23258753,2.218820472337433,5.781906564893221,234.30261409899293,19.80665952431969,0.0713654394506003,7010.342158345832,164.67319491877066,17.14936251654726,0.0514330499562199,7081.921204628809,453.5,45.26,0.2809195402298851,17771.662,464.3,44.53,0.230919540229885,17729.434,-0.0628844172359127,0.0124734481596839,0.721717017526664,0.2609878904977861,-1.8705969833651568,-1.8097555321981715,-0.1108104800811862,-1.800938531058433,136.8257338761517,19.809792157703026,0.0714766835818358,150.20562202699807,70.00380649034719,17.145686691325487,0.0512475776814475,72.35621981380082,1590.9490464966789,487.2039814508752,3473.1399374330404,1426.0054557220467,-0.4366783282431784,0.0126880050368446,0.7415106114083988,-0.7989521721410917,-1.5797622256478037,-1.8099248545476807,-0.1176781392962564,-1.2872312315548071,-0.3810698305158621,-1.8447579546861168,0.0455714067062111,-1.8991987752593704,189.2,44.53,0.230919540229885,200.0,44.53,0.230919540229885,142.34527301992,29523.385199150463,118861.05946595017,11724.750645119122,15.882687046352713,4346.908167576433,17451.728766394604,996.09427097628,718.1839999999999,36675230.92900001,522444464.6106,2759831.3644,offset
384.csv,niO,Tilt,10335.52896759717,0.0319938694381914,46978,0.2015357667089122,-0.4315413600871949,10335.506891358007,3351.8848308109064,4375.745344420572,11.15863188469088,0.2591389966281093,48440421.460405625,176.54040146003618,954.7082667874336,22518.796584481635,20063972949.00434,0.2638526855244948,2.277485203260778e+16,299932269670394.7,181453581650159.7,27341010299284.41,42110003.27724294,37906198.963322334,7072567.149673648,27.587528138320803,57.47401695483501,103.453230518703,28.9649209486166,72795131.06850854,1.5494289085662136,1.9373328040205475,235.23520408163265,18.95831207482993,0.0663636844820764,6776.859355442177,166.49537444285568,17.175976934938788,0.0529987157396514,7085.387541118369,471.2,46.580000000000005,0.3493763546395126,18805.082,482.9,45.7,0.2741626794258374,18741.570000000003,-0.054704726033555,0.0999924645152949,0.7361245876540433,0.3566377264002639,-1.8653859716402064,-1.7690228945714277,-0.0857342788822261,-1.7082227178656868,136.64757653061224,18.96395408163265,0.0665265665069718,145.04554251700682,70.40010264894234,17.169626071070553,0.0527425458576329,78.40161426184186,1589.5414092261906,488.9228852375141,3413.0241530612248,1420.7298456367785,-0.4491526068077034,0.1003667564177945,0.76149704281737,-0.7518797620959369,-1.5755650802812164,-1.769208395007192,-0.0925102106479442,-1.395339691540282,-0.3715333954625891,-1.85582243151918,0.1221511951731665,-1.8822642569420285,188.3,45.7,0.2741626794258374,200.0,45.7,0.2741626794258374,166.26733263318997,29476.73800227418,121605.82288277168,13517.55959402217,19.967474526829488,4216.922144325237,18784.10613607928,1157.5570282592585,862.7232000000001,35875940.85919999,625746846.8576,3558544.480800001,tilt
249.csv,niO,oil,10877.458331888549,0.0571933655695939,47212,0.0247986715039269,-0.5079066913294334,10877.21571127234,3623.355018658022,4283.649342669842,11.377697373339204,0.2723076591750765,42179696.7400509,223.06112411738613,958.0329734005738,22067.422812251592,18972376154.564747,0.4977349018731993,2.063152636044352e+16,820520579529966.2,390366728707124.6,41454273383538.91,32650104.473452184,37993527.90543684,28671405.38288816,32.44423646856965,57.40134144439245,144.75120885977228,56.89001264222504,59077774.91785015,1.7960165420653214,2.863795193939298,235.17521258503405,29.38610969387756,0.1078605738739495,10268.943715136054,166.32110912185954,23.598958961961152,0.090170556982924,9540.323253226215,427.6,58.26,0.4949092726892888,23312.370000000003,438.4,57.43,0.4273166800966962,23245.254,-0.055023604663772,-0.2087090624301954,1.523894057244109,0.0976758745234535,-1.8694987393938487,-1.8172397923518795,2.16334483002423,-1.814417994376208,136.67442602040816,29.39063137755102,0.1080010967971839,153.98759885204083,70.30026964887564,23.593259333821305,0.0899730131543939,67.5056317238014,1603.0785420918369,488.7209262728985,3779.101492559524,1459.6080823159562,-0.4433577222619216,-0.2085218075753257,1.5386968548784166,-0.8334211017531951,-1.5777669430057764,-1.817472275675053,2.1808884810394344,-1.18410276130225,-0.4213242401005716,-1.8202543524954524,-0.3850570998635911,-1.8361443607136383,189.2,57.43,0.4273166800966962,200.0,57.43,0.4273166800966962,151.26004575137762,52040.54197433569,172458.4528417978,9440.014818710635,23.02692134567182,7038.403959612245,13441.106909423605,419.1087088580388,1422.1803999999995,99563741.0678,562951501.0335999,920160.8584,oil
238.csv,iO,,9969.227202535636,0.0539336443209811,47589,0.0833342506777154,-0.0766745109307178,9969.198753541648,3090.6496810427657,4078.109678483064,10.98877861842475,0.221381760824061,39162388.931962505,178.7353250429266,888.6957541515751,22868.26078447953,16006409711.714956,0.2889484284185452,1.7600017270875874e+16,295626235962543.44,175168223235713.8,17701027893484.07,33822954.06152885,30974413.868420828,31535679.43187716,32.70611667278159,57.86466795953666,143.4037423345039,33.34603658536585,47912827.42494595,1.4388448256800526,1.1191373000967442,236.992884697814,18.904042006000857,0.0689002716909787,6654.8580604372055,166.1964407896304,16.34738783009953,0.0506918167682296,6790.373007420257,453.1,44.33,0.2882512029784693,17191.936,464.3,43.5,0.2298004987531172,17144.064000000002,-0.0686704729818113,0.0232270791295654,0.725333823317874,0.312387871507004,-1.864338160947689,-1.810087183526344,-0.1511348241813794,-1.7773561437811418,137.524646378054,18.906761680240034,0.0689910760300153,149.132968924132,69.94170897983196,16.34418510366576,0.0505367407442018,74.03500087842461,1611.7074639948564,486.1503414134893,3425.768259537077,1408.0104199621533,-0.4651449964930453,0.0234338007401547,0.7428497848531787,-0.7955036355421408,-1.5597037199700197,-1.810257195029692,-0.1605498626316124,-1.3067813569597242,-0.4600096592738197,-1.7850527537916347,0.1180786215649958,-1.8718617834640032,188.8,43.5,0.2298004987531172,200.0,43.5,0.2298004987531172,108.99313114303826,29963.52436119787,125592.52903496425,16159.122757833637,11.859119248739065,5321.032590298306,16882.819192024468,973.2227303359236,384.5920000000001,42436693.01959999,557342300.0337999,4811820.893600001,ok
184.csv,iO,,10847.241280745906,0.036472819216182,48556,0.030219995923276,-0.4677012345984632,10847.079604234856,3081.3355552602097,4190.635508126702,10.628378316235864,0.2333363277562191,38765921.3623044,184.5934902372303,990.90333043592,22025.44855701706,16382422191.374744,0.2389064463070043,1.4408577045954212e+16,208864553697630.62,92050553073981.12,14631149824062.664,29331711.286804795,29912976.27811313,21367305.913751103,36.40960809102401,57.64854614412136,124.39949431099872,35.73759791122715,52231033.57220484,1.505596001579774,1.4770184233146866,235.2804722399489,19.15620080833865,0.0688213981666795,6778.6906932567545,166.496727580999,16.856823870761573,0.0527328749342697,6976.773371371632,451.6,45.21,0.352995048254257,18026.546,462.4,44.48,0.2854024556616644,17933.454,-0.0556907180699706,0.0454834608350096,0.7583969076804105,0.3275455737801572,-1.8668426600036,-1.787680135362543,-0.0365555252079197,-1.7403641392360898,136.65266964475643,19.16016166773027,0.0689206955303519,146.94683514145925,70.39397955246439,16.85225167149464,0.0525769663291335,76.29461918054223,1599.4147034673474,485.471526759461,3435.435880238247,1417.3171497635662,-0.4487335740507422,0.045754910213035,0.7739091829881443,-0.7672498376440523,-1.5759360203577355,-1.7878535727140037,-0.0393203028930906,-1.3579564766010563,-0.4180664775773782,-1.8160075094818595,0.0920504585688498,-1.8848737347391475,189.2,44.48,0.2854024556616644,200.0,44.48,0.2854024556616644,114.77944954855325,30237.55258411381,125862.55885335297,15693.958907860742,11.379438546072064,4946.094156154059,17040.260359976273,910.3621054619096,366.8456000000001,40666582.19239999,600800515.4929001,5553111.064,ok
339.csv,niO,offset,9172.8379106456,0.0481717584796728,44531,-0.0767902667142055,-0.2307511298893416,9172.75229382241,3376.055174637801,4113.083668103165,10.988877583153792,0.2406550565502011,35292593.97301743,180.5394911931565,810.73242285933,18756.84259414734,11658308640.541018,0.4048650213752646,1.1192099484135666e+16,296949487485297.94,123337350667567.6,19762767444176.984,27587829.95849759,20749608.945605643,27108469.69628416,28.86697137358672,66.39403415924946,135.6747654558576,28.457621550591327,58915693.534266576,2.097578302991601,4.919369535058226,235.3468098681412,19.4633049766057,0.0689779455918477,6957.731916843896,166.4857006310263,16.889017974755028,0.0505403181390119,7018.856128984583,448.6,45.16,0.2928208386277001,17665.568000000003,459.4,44.38,0.2428208386277001,17570.042,-0.0572645475470652,-0.0095200101072153,0.7035822313819489,0.2480854373663525,-1.8672849960572555,-1.8273516564480847,-0.152190917664762,-1.816937552671287,136.6864951084645,19.46996597192684,0.0691204323366942,147.83518438962145,70.40634896187505,16.881213967700926,0.0503123661096445,74.93601980997485,1587.1115978307105,487.3956437905326,3477.3585202041686,1424.1482271416503,-0.4515240360865181,-0.0090920602726384,0.726921023910751,-0.7711827510054945,-1.572026481335849,-1.827707162231547,-0.157981462680631,-1.339340621112766,-0.3658923966093412,-1.8542893919796544,0.0333253016591283,-1.8966625435529096,189.2,44.38,0.2428208386277001,200.0,44.38,0.2428208386277001,127.76931572115816,29944.943441091826,116990.37285946713,12684.890493923707,15.006080253129223,4250.134630332312,17169.450043295645,783.2678970788265,666.5556000000001,36241896.075,520834478.4043999,3020876.5980000007,offset
178.csv,iO,,10894.388482113323,0.0362222643656362,48776,0.1623805637551446,-0.5629990796531348,10894.35931482755,3189.527091537194,4114.884872876294,10.71278797121876,0.2287567674467096,40986834.07368086,190.60202135612948,993.6402195535088,21263.712654441173,16506356515.40762,0.2661172156575673,1.4489141190513692e+16,230363933640960.0,114735681399540.16,15978235203310.084,32512496.71397905,27904249.64293702,20393121.988130465,36.41190972880713,57.65219040394463,121.37303242935712,27.131276150627613,56804201.55757316,1.8136017385195944,2.437160295090181,235.0494687632809,19.0773969400765,0.0684811841025023,6763.942291330216,166.53804929393613,16.806012937738867,0.0516915654504914,6961.834369537346,445.7,45.11,0.2856503472881964,17876.806,456.5,44.28,0.2429602888086643,17793.16,-0.053991828556335,0.0396196569651308,0.7329159870359467,0.3159789321776923,-1.8669144738126768,-1.801968263700914,-0.1381753427423731,-1.758912147907826,136.54653633659157,19.08344028899278,0.0686002991450783,147.03547853803656,70.46790595829667,16.799030348780278,0.0515107636977404,76.0192511936306,1594.6154014024648,485.0828865642771,3430.1603002549937,1419.0471856212798,-0.4476332559696098,0.040030643387652,0.7499323047707014,-0.7647278467604659,-1.5769217490283116,-1.802253677766779,-0.1384395286589335,-1.357789619463332,-0.4007452134095005,-1.8261658899840747,0.0991640337539356,-1.885350983300588,189.2,44.28,0.2429602888086643,200.0,44.28,0.2429602888086643,166.04834693004722,30174.592663991043,124465.89654334944,15571.087089137198,16.049910692558765,4594.218649433572,16152.85953225362,1304.6042309742986,1016.7128,37593790.665800005,582814247.1335,4994759.022400001,ok
255.csv,niO,oil,11443.492146994427,0.0616163747626081,46901,0.0736148767307296,-0.6671774886455273,11442.985144379152,3717.949779692703,4303.4662449774105,11.050582929445133,0.2811211368789368,35739679.831799336,251.22451633781705,990.5986829596256,22345.83042018765,15224211632.350834,0.6081273084758348,1.2279576979545054e+16,649942047645457.5,267785805061239.7,37770898622491.5,22496980.219338752,25359756.16514996,26730243.098919928,33.76239713019625,57.39607512133362,141.80206794682422,143.1875,43713677.95832853,1.393052048774554,1.070015436237437,235.31216503615485,26.12184176945981,0.0979939388707373,9041.8698362399,166.98731983913623,22.552269508808404,0.0865657208650955,9028.461691321214,477.1,55.23,0.4927330266933994,21393.576000000005,488.3,54.35,0.4247002398081535,21355.020000000004,-0.0500559936970332,-0.0863821292756714,1.42787846463405,0.2288299739028645,-1.8694885179667424,-1.91073989657,1.799169338864825,-1.82774276516767,136.38683538919608,26.123015737983835,0.0980608270023106,151.66642407486177,70.36569685883407,22.550890862046906,0.0864699036372013,69.93319557519786,1600.5862985963422,488.9253857046255,3602.22741386644,1471.6169623810492,-0.4346647413298058,-0.0863387896870323,1.4351730431791576,-0.8047410389165244,-1.588227724082138,-1.91079278742757,1.806349188713955,-1.2298960543161537,-0.4111669068405412,-1.8279344844347136,-0.1358857937558607,-1.9602426067372687,188.8,54.35,0.4247002398081535,200.0,54.35,0.4247002398081535,119.86841022128672,51503.512373570746,181753.8485059184,12641.46926069067,9.240655610168552,7526.637848086109,19294.901583170136,314.5418514799098,452.4896000000001,102321857.13099995,972637977.8271998,1554019.228,oil
409.csv,niO,Tilt,10046.210478233525,0.0391583869082407,45768,0.2583358178166863,-0.3406326350647464,10046.120697127004,3695.947523302283,4496.304946947042,11.34041452079878,0.2859105386185455,45890070.27461438,185.3839719738341,923.4038369112936,22231.521434026963,18537400854.798275,0.3348840726659784,2.056845506348706e+16,392299504157259.6,275132399847106.9,37262944770741.56,38945515.52785743,39399494.14793143,6907387.172641432,28.05376972530684,58.445353594389246,130.9175920514319,28.594367588932805,64099232.98087487,1.519162073914636,1.645023123351753,235.3085264724644,19.06231554327025,0.0659117616693033,6833.859615564534,166.45536569363753,17.109884019288195,0.0520739421704143,7068.929816916658,453.6,45.16,0.3006655844155844,17454.806,464.8,44.23,0.2310227272727272,17382.39,-0.0544107346900808,0.0655561260441204,0.6299351825845062,0.3163238173837121,-1.8664287719601984,-1.8072990344915505,-0.4483657121400366,-1.7708552154611898,136.6987242185839,19.06795449712949,0.06605761052548,144.6194314267489,70.32006409830747,17.10347837570866,0.0518432873057157,79.17569642813717,1591.136347863066,489.7598785250774,3427.656957899213,1419.720466817336,-0.4487132751064988,0.0659170768294059,0.6518383743556325,-0.7518090726844869,-1.5753947580457264,-1.807532546548028,-0.4597454724398222,-1.3973260643868113,-0.3746891126270526,-1.85529086512014,0.1071671075259998,-1.8855784169315648,188.8,44.23,0.2310227272727272,200.0,44.23,0.2310227272727272,195.5359086773504,28894.8293177534,123140.85686756088,15880.924208698189,26.591673327118315,4207.325037056754,18618.49736125126,1060.434104477176,1631.4405999999997,34515860.2336,598023935.0013001,4155579.3936000015,tilt
219.csv,iO,,11373.51166079394,0.0432196669310071,47133,0.1214792492412709,-0.6646381811636513,11373.455976714164,3136.043079793375,4248.775507931451,10.633799306159368,0.2400051282500234,41005485.89168453,203.874227625192,1015.6432135842248,23002.52544908837,16611523572.076834,0.2604985870434672,1.4475377708667746e+16,211178316603702.0,106265983390579.48,17014991482801.809,27581389.538971394,26826025.270276133,30115356.250592723,34.89294210943696,57.09754163362411,142.74385408406027,33.95987084870848,52728424.1300534,1.5002504893456277,1.3876931945258324,232.7346096575197,18.550461603914066,0.070206387708443,6452.362689640501,165.13677057377055,15.986439534794586,0.0511859583280431,6567.155729418053,461.3,44.04,0.3812378167641325,16846.861,472.1,43.16,0.3043859649122807,16774.101000000002,-0.049889536739308,0.0142492740051528,1.0287879808285776,0.296683207425218,-1.870812094883472,-1.8243923361236625,0.8333450659887247,-1.772022461593183,135.9600085088279,18.55544990427569,0.0703505359390807,151.11767049563923,70.51997764569379,15.980538909064949,0.0509364072642168,70.52665386246014,1594.395646883642,489.27586950826986,3433.184210806212,1419.0304057052756,-0.4238840257907746,0.0146389833084595,1.061982723219292,-0.7915842948299869,-1.5929911212061456,-1.8247411611020936,0.8307253681556377,-1.2727959377971958,-0.3876387295451617,-1.8454818443727137,0.0976353631546806,-1.8873799160478195,189.2,43.16,0.3043859649122807,200.0,43.16,0.3043859649122807,129.01906939103188,29496.127723113987,120262.12681190156,16677.226683921544,16.644206081158742,4441.154018482042,16390.462985656795,1261.232484989451,605.2929999999998,37337917.05499999,509434491.02689993,6021006.055,ok
234.csv,iO,,11089.87136153586,0.0416251080523971,48680,0.0387818614665955,-0.5299016330583952,11089.77255152507,3083.0105773997084,4143.039497836961,10.621693963100238,0.225842144902902,37108192.25668604,194.7405388703625,983.7844905875018,22018.395155470826,15439357307.291853,0.2681902247878021,1.3575577307139954e+16,195288108700094.3,121680710125116.12,15453754619902.25,25265105.67777736,32092964.85806033,28040495.87658751,35.10871733492919,57.45062836624776,143.6265709156194,57.27066532258065,50328761.19357564,1.7676920489932917,2.4613867126521765,235.43131914893613,19.125191489361704,0.0707301252111536,6733.297130638298,166.53803172173994,16.49797463452483,0.0506536605980913,6862.198759123409,454.6,44.52,0.3002915277250854,17541.574,465.8,43.69,0.2560292326431181,17465.482,-0.0557200349435803,0.0396337696445898,0.8786445984733663,0.3179781866071869,-1.866673565854611,-1.776157774324832,0.2951636509802715,-1.7304106982427776,136.70506382978724,19.12952127659575,0.070824377777092,150.94404872340425,70.35838016766434,16.49286217322549,0.0505017065205119,70.8640202696125,1599.487744255319,488.4043717512576,3453.5248929787235,1417.3490767974624,-0.448409233349986,0.039981123719128,0.8957759350478991,-0.7962502989114891,-1.5778949895852636,-1.776411150588548,0.2955920839858224,-1.2585463280327414,-0.4089046926021074,-1.828742679362681,0.0674395937840448,-1.8900847375852887,188.8,43.69,0.2560292326431181,200.0,43.69,0.2560292326431181,130.9296513616331,30664.298826548005,123244.96780899564,17205.09047655851,14.165116398775638,4971.9983177779495,17789.57731257087,1250.0619018585191,622.8506000000001,41132125.86420001,576961393.9697998,6396176.6264,ok
232.csv,iO,,12052.030904208674,0.0413136447994835,47742,0.0693941016074426,-0.8988562629625902,12052.005106501898,2983.0558443543814,4082.466062771678,10.291202045284262,0.224909610545627,36094372.26636184,218.59970773454063,1074.6605115477553,22873.12571336777,15204293799.988213,0.2442454797696438,1.0917612246002826e+16,145107708772494.84,81513743573945.5,9988267138515.402,21951863.298938807,25832506.66213604,24164302.77198432,34.85838779956427,58.09731299927378,143.30670539820866,55.94544491525423,52184175.70624803,1.308625797473021,0.985607751106404,237.02820072914432,18.80409393094574,0.0671249797557868,6649.582220887841,166.09660179731233,16.396392163051484,0.0533636953220817,6756.796911894714,457.5,44.33,0.2985617903854781,17505.569999999996,470.2,43.5,0.2453566621803499,17445.271999999997,-0.0718116921144836,0.000709388617036,0.8763093443362072,0.2908292994827378,-1.866932919686064,-1.8319392463332105,0.2550452579542095,-1.7851715535515322,137.5544070340982,18.808831224533563,0.0672524513382407,146.50143426978343,69.94849687541662,16.390855104132072,0.0531708167775929,77.58958063841234,1604.0539674029596,487.54725172661233,3440.588081707056,1418.736503578021,-0.4642582711976598,0.0010276075180582,0.8955213484888422,-0.7784047713968352,-1.5629900379812816,-1.832208310994465,0.2584452839059583,-1.3608400786383397,-0.4280886982809027,-1.8129913748480733,0.0853920040168646,-1.893257469499236,187.3,43.5,0.2453566621803499,200.0,43.5,0.2453566621803499,111.19002223146462,31406.66349522283,122671.2768515564,12203.590176113685,6.281751338003725,4907.269392196728,14861.714056260316,961.9476824227183,277.56680000000006,40655627.9912,515162625.30239975,2240572.3636,ok
198.csv,niO,oil,9286.152666222346,0.0588382053307829,49076,-0.0288408825257691,0.3290255532139468,9286.134214486612,4302.893051275014,4658.336659810208,11.907804627040912,0.3235672880515394,49746135.85084056,184.95372249858823,834.8674590102745,22546.073936291097,17827668887.842693,0.51997439283226,2.336502756161689e+16,838259788251321.5,610449561010473.6,121828208881718.4,33760342.69765647,47517791.76083675,17246259.355973132,33.93072477026072,57.88182460809181,125.74327414861324,34.02024872448979,58473298.54763217,1.796105000547087,2.3702764531909377,235.31763079540625,27.431003828158232,0.0999119437543839,9533.553885580604,167.0499480046511,23.7961472352623,0.0936460802531319,9479.776978428108,492.2,57.18,0.5106766500277315,22105.672,503.4,56.35,0.4440099833610648,22055.236,-0.0509627412685065,-0.1139761008183575,1.3305821800081985,0.2089703867091636,-1.869726907138003,-1.907589434332016,1.536794090760857,-1.8420244480041736,136.3401956614207,27.434457677584007,0.1000201667748671,146.66713866439815,70.41389409940503,23.792115979987347,0.0935110275113132,76.59773218640504,1604.3067862611654,487.1085342696192,3616.56800382816,1472.7916488431204,-0.4344866635113552,-0.1138763127334386,1.3383853246998323,-0.7667467772792473,-1.5869540565191391,-1.9077061725758984,1.5473660698060296,-1.3567138403173264,-0.4304774473051496,-1.8102779730080467,-0.1610875156595876,-1.9509003289285805,188.8,56.35,0.4440099833610648,200.0,56.35,0.4440099833610648,111.38332231015566,53657.73525114784,185705.5447522127,9245.117908863162,11.914941549257618,8384.608466592359,20112.55012617573,460.87176239508943,429.2168,116486548.52879997,1073934711.7376,883229.0536,oil
343.csv,niO,offset,9114.5247930225,0.0537475064120832,49098,-0.1184464853306395,0.0183459354570505,9114.510363774434,3516.4358056365068,4284.002474679886,11.140803400693809,0.2632614154940683,33412487.568669964,184.3583990208695,804.1828121855573,19034.807555933246,12205596101.661177,0.4204936720328541,1.2267566227948538e+16,318835594284060.94,171626861748103.78,28050471322322.4,25978771.368237752,20852159.48698043,26884078.09440772,27.35822171558848,68.39555428897121,134.05528640638357,11.270807644882858,62157351.50219823,2.136808432700036,5.413565997601364,235.30087122821928,19.504810879728005,0.0689443540914663,6969.622518912028,166.4498603352284,16.49657090752665,0.0496113567786921,6852.334673429144,500.00000000000006,44.09,0.2814183722037125,17432.304,512.2,43.16,0.2327272727272727,17361.792,-0.0445235628259761,-0.0708388855321241,0.7493593977226948,0.1869222361778623,-1.8565258698288585,-1.8174394153217777,0.0029343856111672,-1.832610257043512,136.78863153421165,19.510286867828302,0.0690667091882654,147.8279917127072,70.12906068347222,16.48996430778417,0.0494117893740852,74.77014498574822,1587.0949628134297,489.5490234496295,3524.489124734381,1425.902661921558,-0.4428924390791259,-0.0704700958445143,0.7711549750558356,-0.7631402539814395,-1.5862650153871174,-1.817783713974979,-0.00111197861907,-1.3593914329840668,-0.3594182776168569,-1.863540015781964,-0.0307748921478998,-1.899141547970711,187.8,43.16,0.2327272727272727,200.0,43.16,0.2327272727272727,138.78247650502686,30590.40801253954,141724.2657895483,13656.189016715154,14.727155339477498,4032.145021298594,14476.808757183382,652.3141706986439,639.4324000000001,34442694.870400004,420944291.9982002,3009417.294,offset
344.csv,niO,offset,9123.9703173273,0.049500266130463,43880,-0.0966149044161296,-0.1440947506211385,9123.876645817709,3510.6795946002594,4221.727796681004,11.086674741081998,0.2501741292851773,35523211.1116823,180.818574004277,800.7114112130488,18102.22456127152,11647896611.314444,0.4267669472884788,1.1439068347601228e+16,292807973132470.75,140279138043187.56,28657167850275.902,25902537.54570508,21307281.95304275,27790592.56600824,28.38724939381395,68.12939854515348,133.42007215092556,28.30091059602649,61240845.82214978,2.2483854600302005,5.784895856687228,237.12506432247,18.944920668953685,0.0670487433505989,6756.910784948542,166.01683694122514,16.693916507955173,0.0510004694638839,6914.875415753664,469.2,45.55,0.2806805410223617,17803.816,480.0,44.67,0.2126477541371158,17750.98,-0.0719481826839247,0.0315926371224492,0.7330469514630814,0.2943418738695306,-1.8657653839581063,-1.8250048342541985,-0.1279445632366576,-1.7835961471328226,137.64251715265866,18.95011578044597,0.0672143553147776,148.22823563464837,69.86772870994474,16.68790204231095,0.0507268668535545,75.22060679555726,1589.9720030017154,485.7314861656123,3439.3072650085765,1425.30531035013,-0.4677374196285513,0.0319446726885067,0.7628261229121325,-0.7898980125238505,-1.5560606214020314,-1.825283200091248,-0.1405723411279305,-1.324759677841549,-0.3818133167432925,-1.8405014635885573,0.0831937401414246,-1.8955789027508223,189.2,44.67,0.2126477541371158,200.0,44.67,0.2126477541371158,128.21355711852777,30010.57637490768,117251.62670762716,10146.35637421663,12.068240943936008,4539.119429551909,17106.831106067057,455.3343161599336,512.0166000000003,38338625.0508,543523218.0623999,1091325.3592,offset
389.csv,niO,Tilt,10527.037605433876,0.0397664233576642,46150,0.2650772538460645,-0.4775903369979577,10526.925511070884,3407.641132284993,4261.411844266973,10.966399506461398,0.2494924891180742,41307995.172666095,192.8563397009918,966.2732968104452,22599.019287372364,16907834307.695538,0.3124008086691685,1.5786128879444336e+16,276272606980965.3,166002879544414.4,21370472043104.707,37187164.14788099,30034105.10261586,9329652.51605674,28.02919708029197,56.05839416058394,128.93430656934305,29.66485507246376,63900941.53954614,1.586604605588147,2.192629768042387,235.32883552911176,19.11163620909477,0.0677094495232197,6814.708019549512,166.24718437254688,17.230233073727256,0.0522886675978782,7121.661004292454,468.2,46.48,0.3148972895793298,18519.522,479.0,45.55,0.2833560709413369,18443.43,-0.0503437836394659,0.0908479972072926,0.7399170970974661,0.3436675711014785,-1.865960084005849,-1.801306399372285,-0.128972591878143,-1.7486787056668645,136.8248193795155,19.11709944751381,0.0678073653466797,146.95961049723755,70.07440964092788,17.224054496120367,0.0521456567115346,75.98594503976682,1591.1330216744582,489.8974923354927,3405.7118351041227,1418.6915523592786,-0.4425465677137464,0.0912113185217305,0.7525148238291142,-0.7598979644370738,-1.5867783321954805,-1.8015375856787967,-0.1270352248154305,-1.3717928113417954,-0.3740256454870138,-1.8559687494132155,0.1340564893485258,-1.8809659525144984,189.2,45.55,0.2833560709413369,200.0,45.55,0.2833560709413369,141.59554129974174,29064.28043704244,125978.59057557974,14443.444747567664,11.955899160805004,4124.679582466361,18765.58680771553,862.1914929820214,537.1847999999998,34194179.07500001,635639786.2584002,3523501.5811999994,tilt
420.csv,niO,oil,10555.768837888125,0.0591595920764589,45922,0.0237584898768889,-0.3763891525911886,10555.616801954237,3711.4625726427576,4465.654480482311,11.318870566796562,0.2832715593912128,37534465.28761913,211.3197481161239,936.1575987191704,20185.8393514518,17584630957.960285,0.4306507087059133,1.8590823166591096e+16,519625459677636.9,371942693047343.0,60036828960506.71,35176729.62141904,27642352.970159054,18585297.983764205,33.31731539324042,58.9460195418869,123.01777991350308,32.47039052496799,52950559.27533673,1.2689916846652098,0.6721461387167236,235.39587760305992,27.614628134296645,0.0997402720608605,9632.475272205696,166.95827320154282,24.09159007601825,0.0983450532603375,9473.973618259237,465.3,58.31,0.4443129759177862,22705.686,476.5,57.77,0.4326750448833034,22620.96,-0.0487184867150061,-0.1022394954840666,1.5196647943321262,0.1837578478296923,-1.8734589770576384,-1.898665868573686,2.0490220619503967,-1.829587244280332,136.40947726306842,27.61554611134721,0.0997533352106078,145.48344857628558,70.19532187426894,24.09052730368749,0.098331203501936,77.92189962066936,1592.674266468338,490.1208746807111,3634.772987887803,1478.2319271634658,-0.4284866831621262,-0.1022141421916743,1.5203567472679016,-0.7496287944616672,-1.5961601521546227,-1.8986924357734665,2.0504243704595053,-1.4055753364353056,-0.3787060836652865,-1.853227573567268,-0.183177222484935,-1.952040763755675,188.8,57.77,0.4326750448833034,200.0,57.77,0.4326750448833034,108.65541924167115,54951.85470344987,187788.5002132864,10712.42191119309,11.14179893120594,7101.060537350946,17591.379491794232,969.8695596329534,357.40880000000004,104546301.5402,968055189.9264002,2030834.8568000009,oil
428.csv,niO,oil,10168.99264695107,0.0564685404187784,45866,-0.1670493191365533,-0.3092217349139234,10168.957273703483,3867.039795111166,4416.753419241571,11.499981038133695,0.2900364644582427,36435944.74663167,217.51182821325327,900.9546380225656,21478.32341178517,17065502995.945816,0.5336356257726879,1.84813356710003e+16,672315096083673.8,508189447374743.8,64707059663357.53,31398812.11891229,25186615.16358277,22859532.874623165,34.40331746275534,58.977115650437725,122.86899093841193,33.806268151016454,46222773.59563312,0.6401433179214815,-0.6683516920726116,237.00184707903784,29.402527920962203,0.1137842268446318,10237.567837414088,166.01895137515723,23.02014904259673,0.1714059897820251,9298.14968449028,432.6,55.38,4.592771084337349,22615.048000000003,440.9,55.38,4.592771084337349,22615.048000000003,-0.0709066050568023,-0.3082581858170165,13.557773634752085,0.0375253648956646,-1.8714110636653312,-1.7586951593329596,294.1334438528204,-1.8247633603026447,137.44950601374572,29.402527920962203,0.1137842268446318,149.34369995704466,69.73822271607735,23.02014904259673,0.1714059897820251,76.81858303637924,1615.262202749141,484.82528525760273,3787.894118986254,1456.5252064029555,-0.4539781292160746,-0.3082581858170165,13.557773634752085,-0.8724638181735235,-1.5640878899864006,-1.7586951593329596,294.1334438528204,-1.2246316432523106,-0.4746641172814291,-1.7687783373987476,-0.3956599981082194,-1.825981785318301,191.7,55.38,4.592771084337349,200.0,55.38,4.592771084337349,91.91722700498164,55664.64520373352,91210.7905442487,8959.931422775406,10.15642159929742,7548.293634234514,8941.239473074222,677.3867992946341,259.55520000000007,113815328.80339997,205135022.426,1022148.7571999996,oil
412.csv,niO,Tilt,11350.726026533504,0.0364399440410365,46946,0.1962416952514847,-0.8086992735027705,11350.72339310076,3269.530827327443,4141.434807211998,10.749932155723878,0.2426748058414712,40505935.01012909,210.26725263740485,1035.5327155381617,22818.12302620197,17140010490.41383,0.310873546443141,1.410926672643227e+16,240882925518812.88,150697166098397.75,14608969986631.354,34036060.4175261,35216134.789951526,6241836.062806043,28.77889547665046,57.55779095330092,131.10385717140764,29.55706039076377,61555158.175001,1.403944944455543,1.345979751286125,236.74601713062097,19.007839400428264,0.0652571109017849,6839.134572591006,166.10640755086206,17.221121701623986,0.0519011572544089,7109.86618030254,455.0,45.16,0.258407721796276,17756.865,465.8,44.43,0.2144318181818182,17708.805,-0.0684205133832567,0.0785669515272244,0.6292494210500909,0.3201977043917295,-1.8652043935384173,-1.8163695400840911,-0.4974344104273429,-1.7743051352312469,137.45299785867238,19.010340471092075,0.0653298710510453,145.02308436830836,69.9785816650084,17.218314820311807,0.0517928756878638,79.15624329438762,1589.189965952891,488.95483308292097,3411.2008394004283,1424.354957831314,-0.4647814324004261,0.0787184242064013,0.6384759537594582,-0.7713452713659407,-1.5585743739420233,-1.8164647811270345,-0.4994784533753758,-1.3707917985205504,-0.3700534035117715,-1.856811879809644,0.1268010164928869,-1.8872749358741767,189.2,44.43,0.2144318181818182,200.0,44.43,0.2144318181818182,102.28621610215394,29039.488330078464,119155.67322659829,12196.16315890883,8.553114766044676,4083.263377176029,17368.10503811986,919.7088323843016,299.0768,34030322.518800005,593309685.0520998,2530512.3088,tilt
386.csv,niO,Tilt,10515.902311298783,0.0277976445906641,46610,0.1443956370312709,-0.5845823520772706,10515.872416013644,3383.6641626002674,4258.337564413922,11.190406493492064,0.2536471364604235,48861769.69197071,185.9537043298029,972.0350549437138,21248.0673086998,20847187306.59661,0.288809401562859,2.3691761876335268e+16,357992004792147.0,246427089967991.38,24757024303377.4,43052040.61926421,38031811.35617552,8155878.858632587,29.752538978686893,57.21642111285941,132.7420969818338,28.90348939929329,71850408.6461816,1.514346201537135,1.9588177060552687,235.2298618490967,18.854157279489904,0.0643236602599259,6793.419292667375,166.4890760103629,17.2709209627665,0.0523362926561123,7118.676039129098,448.7,45.5,0.2684283166298624,18158.375,459.9,44.77,0.2202140309155767,18073.649,-0.0541500867637196,0.1008708149547834,0.6280365950223291,0.3406806972147044,-1.8671991326466364,-1.7994088469934364,-0.525291046744262,-1.74935116952551,136.64318809776833,18.85788522848033,0.0644153130916459,143.2661045696068,70.34934508422216,17.266785798363024,0.0522022185624845,80.56946425941399,1585.0533747077577,490.2345748982066,3404.811889691817,1423.403944282169,-0.447862478070993,0.1010924825703533,0.6391243619493914,-0.7482754224531312,-1.5758455492653756,-1.7995247008776314,-0.5276452329672474,-1.402637003967138,-0.3508870309632143,-1.8712113198699247,0.1367312814221477,-1.884167427925305,188.8,44.77,0.2202140309155767,200.0,44.77,0.2202140309155767,237.8676477751904,28401.00704975979,122361.82068172288,14318.680230824544,20.5368293506638,3762.661782128124,18263.501296212697,772.7203744294625,1513.7886,31513023.928000007,622604127.1907996,3372733.832,tilt
395.csv,niO,Tilt,8664.626610148227,0.0390664983452181,46738,0.2186547651350721,0.2820418513734775,8664.612559974848,3730.952188660779,4473.845086776855,11.876916028755538,0.286408501104405,55102323.18705499,156.7522041417178,801.070333901305,21281.505881209963,19768673972.792244,0.3435340214225363,3.118089385303329e+16,592572251159284.6,413074580793477.7,58524199143960.97,53571814.22633584,38496392.67992283,10141059.90845571,29.47899962468865,57.32027704800573,131.01777610972738,30.095880681818176,76677495.9728801,1.9418967332744208,3.721576951680004,235.32819804504888,19.021107097322567,0.0655309897805108,6844.153501274968,166.25343498284926,17.360538822595515,0.0522232864842429,7165.0365229992685,456.9,46.28,0.2982693666902263,18571.86,467.7,45.6,0.2835561497326203,18482.1,-0.0508340306359067,0.1064159369996837,0.7032575623547526,0.3413247424578078,-1.8665607317725768,-1.7850238404434362,-0.2476527385308258,-1.7402443891845516,136.81604334891628,19.02349553761156,0.0655629920211004,144.5716396090098,70.08127620818748,17.357882179315176,0.0521803582440749,78.95514644353072,1585.1565010624731,490.8491779956172,3406.814293242669,1422.8329984220643,-0.4429858863594493,0.106562672937157,0.7064730594678115,-0.7491141439137272,-1.5854397998671903,-1.7850960801495594,-0.246280701909856,-1.4031025211561827,-0.3493440145941384,-1.873505792836339,0.1350495067660736,-1.8853409923413569,189.2,45.6,0.2835561497326203,200.0,45.6,0.2835561497326203,110.85349107680244,28361.535501503888,120981.87119773864,13230.956663698538,16.17264619279059,3718.147326389039,18675.408232621783,1085.1910381533528,494.695,31031276.93499999,628972219.1547,3121984.9464000007,tilt
392.csv,niO,Tilt,9906.235689058203,0.0400586940572267,46333,0.256809706152757,-0.2463365617895134,9906.08516513173,3610.554042924555,4469.65241711431,11.3199775857195,0.2832859168365141,45740964.912247,180.55542998850456,908.0330137241276,22370.34579072147,17801612869.337463,0.3231361223110839,1.987652286033569e+16,351137157946790.4,245347559662177.25,36801323401291.66,39287630.31200688,36285006.846543215,7140437.805421599,28.173147468818783,58.6940572267058,131.474688187821,28.88900679117148,61406935.66504133,1.502395684031084,1.60650708030402,236.99243301179,19.730735262593782,0.0694875652698312,7069.249769346196,166.0004365674504,17.523464357334568,0.0525030889238272,7280.202105663727,453.1,46.870000000000005,0.3643942099373854,18545.468000000004,464.3,45.99,0.2934540389972145,18468.356000000003,-0.0719660950234775,0.0555072405477226,0.7475528812532642,0.3024911130088896,-1.867815192534097,-1.8161016790855984,0.1497399441415479,-1.782930270782286,137.5834083601286,19.73701178992497,0.0696461522814252,148.7484793140407,69.9063223886577,17.516262472834438,0.0522457073268241,74.35853399115952,1593.345644801715,488.6095882455858,3435.7310231511256,1423.9765457453125,-0.4645282518369468,0.0559161118295535,0.7742731350499087,-0.7906207927493913,-1.5626071907798695,-1.8164002701201607,0.1460159681399746,-1.318608898679047,-0.3857343045180221,-1.845208358181416,0.0919034967143686,-1.895228868021685,188.8,45.99,0.2934540389972145,200.0,45.99,0.2934540389972145,158.4118306965913,30337.878390264512,120250.08200672996,10414.410634753023,22.25022655155896,4399.992084340766,17020.639307949656,1168.1552517946611,1178.3226000000002,36920676.266200006,603282933.8008001,2699863.1632000003,tilt
186.csv,iO,,11233.379584855911,0.034787697509591,48172,0.1300936017167604,-0.6372504394147427,11232.998697016948,3123.21573444992,4131.7306459675065,10.636126067841316,0.2308334429389206,41410224.35220723,194.12669812348105,1021.635208513448,21662.011616731488,17019445784.538214,0.2568740515543897,1.4560542427504784e+16,236248282256002.47,113541897489775.1,13226973887473.55,32422925.02576421,26175146.19320103,19355258.201336272,34.33253137395149,59.30164510046167,121.72442941673712,35.77302631578947,57331416.76114468,1.6518872055603728,1.8940444799536007,235.33046160391407,18.890231865560523,0.0680932826955566,6694.309265900872,166.4493299155644,16.853020792719768,0.0511133049981694,6992.645657332555,452.6,45.7,0.2977116659389513,18142.194,463.8,44.87,0.2337772397094431,18088.086,-0.0574073512832938,0.1024986308991205,0.6846771067674077,0.3728691849868305,-1.868487327689084,-1.755324059653921,-0.2855793315450037,-1.694517340381152,136.67953626887896,18.89423101467773,0.0682135170358367,147.68856519889383,70.37437004954306,16.848451994964396,0.0509144905602631,75.11073223867834,1600.0469127845138,487.0352245686243,3405.314538396086,1414.7334389150517,-0.4497043604361276,0.1027993426680653,0.7056455484632065,-0.7691727124847996,-1.5744677274943304,-1.75548742940255,-0.296637850451086,-1.3476662394972747,-0.4152030799023037,-1.8214243386561084,0.1401675149314132,-1.873404156312981,188.8,44.87,0.2337772397094431,200.0,44.87,0.2337772397094431,122.82956514078836,28890.502009581352,118402.09407940098,12661.128808329504,9.233480919171432,4700.605478705105,18781.21515041729,1562.3557528120036,361.492,37273666.95,631302760.5275004,4119306.318,ok
252.csv,niO,oil,11957.325691591384,0.0541456284879085,47622,0.0313451648275562,-0.8700756954123885,11957.30234581992,3829.294782242248,4402.57763150338,11.111173601395036,0.2916225219389428,38600865.78951718,258.5754713566392,1043.1688920570589,21827.224498368618,17731366152.86463,0.5598995113552582,1.518109123830889e+16,639129490040961.4,336784765926695.6,39080125893174.3,25541090.75360325,31401393.96798436,25376545.53614413,35.078394897688014,57.40100983258039,143.50252458145098,56.89894932014833,57790837.59306488,1.91114223358766,3.2751093626131,235.31576260370133,29.1663454584131,0.109514010214653,10095.997876834715,166.45451117282747,22.99012216201689,0.08976786595699,9339.047117369048,432.1,58.75,0.4843871975019516,22972.788,443.3,57.92,0.4204527712724434,22909.068,-0.0520069365039532,-0.2168382623539382,1.4764123332332282,0.1165085924529807,-1.8715418504871064,-1.7827711720812356,1.910820848731608,-1.7934557340752877,136.6161029568177,29.16858115294618,0.1095893038505088,155.0048513082323,70.08339757108996,22.987252232470315,0.0896587983084158,66.71254300713262,1617.4367779195916,485.1100557084431,3798.6344150180807,1447.0996276949056,-0.4395537384936038,-0.2167304984948263,1.4846627784482047,-0.8536771150103335,-1.5744833191165954,-1.7829018437298485,1.9190357794713584,-1.155496507938233,-0.4837211223379545,-1.762665706314975,-0.4157034126373502,-1.8011333845608413,188.8,57.92,0.4204527712724434,200.0,57.92,0.4204527712724434,138.68998550070157,51820.21402347574,172516.31199711713,11558.481067581586,17.330290248485067,7861.520725847771,13197.977208588269,595.96115072252,776.8592000000001,105267608.4256,534924782.0152,1405330.5247999998,oil
373.csv,niO,Tilt,12684.857156598651,0.0246207284057822,49446,-0.0052873629388737,-1.0653198984193455,12684.85662471206,3306.927496077214,4372.694969988551,10.945709952167766,0.2613911530002665,60294307.64013747,206.5763182287428,1183.6294468961646,21631.953143900027,28679599428.91637,0.2162224792497902,3.032733031123953e+16,297625422656210.1,183369111942369.03,25444345035700.625,58550777.05021841,48348052.79502472,16453832.709141122,29.422281248403745,56.39270572610717,132.40026561781684,29.367469879518072,110577505.09026836,2.218008621806932,5.880905155036096,235.30180620484484,17.426017849553762,0.0613492919281181,6211.5753739906495,166.25551520077633,15.736801179574467,0.049487766014325,6455.03634957938,469.7,42.67,0.2291913347685683,16859.768,482.9,42.08,0.2104413347685683,16775.28,-0.050751046948462,0.0765357770785053,0.8608856673228164,0.3330788032971997,-1.867108774720735,-1.816099984116628,0.0167664443196642,-1.744845168775086,136.79443263918404,17.428115172120698,0.0613824887577161,144.71213897152572,70.07619086289466,15.73444132673002,0.0494430030882441,78.8359869205887,1584.5659407139822,490.9032234702784,3390.0699037399067,1422.3787326995289,-0.4425947944450634,0.076676555238846,0.8648877382558632,-0.749536980592506,-1.5845969246645593,-1.8161901390638264,0.018723111663081,-1.402863152943317,-0.3470426289066268,-1.875306847943588,0.1585076122835882,-1.879483862173653,186.8,42.08,0.2104413347685683,200.0,42.08,0.2104413347685683,147.11257032940009,28212.26760977095,122621.58080767655,17786.074047819275,15.242419922610123,3601.5267982558444,16763.247646729116,1143.3467917797743,532.9466000000001,29825629.878,510970388.82420015,7381100.653600001,tilt
358.csv,niO,offset,11261.316525543434,0.0265062863985195,44529,0.0893548579842554,-0.7728785464631485,11261.23718109827,3044.701070460123,4121.338170897433,10.802624540254438,0.2304248257495366,47070253.80300512,190.1028963147986,1037.943076174841,20852.498487831814,20827361713.297634,0.2219672088730913,2.1004444066548404e+16,251107491543389.5,132966633692935.4,16225924942766.932,36918264.39902299,42810486.89164592,14162032.838954858,28.73782180373374,57.47564360746748,130.62646274424426,59.08764367816092,95780969.32045516,1.7770425885036905,2.898303333263748,236.5460205391528,18.650483525887893,0.0647049618605956,6694.810560333762,166.1923703847521,16.191746687668118,0.0494749447712986,6696.4197042060905,461.9,44.330000000000005,0.2841642697347395,17503.396,473.1,43.45,0.2055928411633109,17422.272,-0.0665824526465384,0.0035237616127321,0.7557515490117815,0.2517632930734187,-1.8636742535202864,-1.7758694877721248,-0.086179719786045,-1.759815301888798,137.33555840821563,18.656578947368423,0.0648602532317742,146.18928433889604,70.07691428819747,16.18458504063636,0.0492179954249621,77.78449471924533,1587.0741795036372,490.41518320086834,3490.846733204964,1428.4860061614704,-0.4637721784939896,0.00395839007851,0.785307361248637,-0.7728353793443328,-1.559698292228162,-1.776152402932314,-0.1004848226425467,-1.365260137863949,-0.357646341966874,-1.8676673590619,0.0185700491547932,-1.9032746609916025,188.8,43.45,0.2055928411633109,200.0,43.45,0.2055928411633109,169.8404678674639,30122.66648211385,119959.3055054162,15999.828378916383,15.289585192300128,3944.546903313947,15426.208311849578,1046.3976009036978,648.1084,34035584.20339999,438051178.3888,5555830.402600001,offset
398.csv,niO,Tilt,10473.793326514373,0.0393494825429318,47312,0.1990514799876923,-0.5702759667057484,10473.790020945838,3539.733803252672,4446.627729235935,11.025831801784662,0.2792109410112936,44119197.33386078,191.81311635121293,960.0316343100964,21359.21949880237,17186020930.92546,0.2823278699768324,1.6518309438587228e+16,248501643560838.2,171404649431305.06,24714359572844.37,37108616.44086242,34041139.54340275,6914232.580479714,30.02388263391333,57.318321392016365,103.71886728079151,29.46993670886076,69330759.54697758,1.845037636916636,3.081331837389758,235.39256268593283,19.2492817679558,0.0664680389855859,6934.757534211645,166.2844356606291,17.41623029407323,0.0515341004417351,7207.459595469227,453.6,45.69,0.2454099730199816,18044.548,466.3,45.01,0.2255269320843091,18004.966,-0.052548732310649,0.0835363908145822,0.667331188699706,0.3175141024859708,-1.8687657720273656,-1.807149771102958,-0.3754040651316108,-1.7668886082750783,136.8015512112197,19.250291117722057,0.0664903696068696,145.57508138546535,70.0865296046606,17.415097054567706,0.0515021688760901,77.90788169096729,1585.0516901827457,491.57079262764887,3422.4325607734804,1424.7711627285837,-0.4427376625862724,0.0835979815820523,0.6699435184478978,-0.7541014011869456,-1.584967607297527,-1.807186781782464,-0.3751876847219297,-1.393622763008732,-0.346558952016959,-1.876750309058533,0.1134428121067565,-1.893618500773559,187.3,45.01,0.2255269320843091,200.0,45.01,0.2255269320843091,115.03839068729197,28682.191899972768,119873.42937265262,11477.791668421554,16.723149230687554,3529.3920518231103,17718.08178983878,787.0900853212236,633.6476000000001,29469128.347000003,607120096.1837,2799358.086,tilt
170.csv,iO,,10111.90984354133,0.046410756885708,47109,0.0682606191568183,-0.1683391232733697,10111.90339197598,3182.3373884364782,4177.019292662338,10.929600892044949,0.2329590860057117,41667538.67868741,172.04541910154535,921.2401548477412,21382.71925860414,16541582947.459751,0.2625396720072534,1.6953302334143308e+16,282154326203844.6,136572738431108.44,19697080892621.777,29424170.296834264,33981238.89230993,18041057.64867489,28.62719583604424,57.25439167208848,122.31620039037084,27.48631386861313,53603809.80924375,1.446428283406214,1.116443016627584,232.8278852284804,19.30373645058448,0.0708937110770619,6764.917162805527,164.96137681938342,16.711087937596368,0.0517833834403693,6898.1095715466445,461.3,44.620000000000005,0.2957721610712226,17433.067,472.1,43.84,0.2664548919949174,17336.461,-0.0478958256064184,0.0069843156535213,0.7563139608308251,0.2871848742458941,-1.873142765725904,-1.814394539324987,-0.0302600613722172,-1.793420846355544,136.07356004250798,19.307304994686504,0.0709735224266275,148.66024675876727,70.28419431136788,16.706896265582746,0.051660478626558,73.71870465982029,1593.9442405951115,483.0871801838825,3436.891556216791,1418.283936548303,-0.4175189406582236,0.0072328803383433,0.7681664580523611,-0.7677243259221432,-1.6023001497448877,-1.814595599662,-0.0297217509509386,-1.347180249691165,-0.401305574496746,-1.8177036297102165,0.0991047405079094,-1.8836957332593465,189.2,43.84,0.2664548919949174,200.0,43.84,0.2664548919949174,113.76156365763026,30237.946042184056,121256.91931636508,10720.909713311466,11.767662650895607,4878.779409141593,17766.930307517585,598.5677639418661,474.179,39495152.400800005,568514176.6627998,2111195.1840000004,ok
407.csv,niO,Tilt,11538.990596951,0.0318892900120336,45995,0.1181963818604632,-0.8964677131366949,11538.956573842865,3466.635170505466,4400.514930017685,10.764398885660862,0.27097498302254,40947975.45772944,211.70738327548776,1063.781709041916,22228.16197939562,17907945351.401268,0.2925792116178998,1.4537900814513576e+16,189932313939936.56,150679330877513.5,16662064021232.729,39558440.78509513,31148927.62143006,6115704.894369289,28.88086642599277,57.76173285198556,102.68752507019654,29.192073170731707,79773603.9141371,1.805304703965262,3.5672959459164773,235.39583067432463,18.920457349500108,0.0667287414230394,6754.1248936396505,166.4117832739028,16.90918938704512,0.0518479879783905,6988.2691901445305,456.0,44.92,0.3320290267501423,17905.532,466.8,44.09,0.2713147410358565,17838.079999999998,-0.0558874077838185,0.0676929959073786,0.75296028654058,0.3242949826545217,-1.866583389465861,-1.8002209752946357,-0.0615957207865558,-1.7518149001231054,136.75177621782598,18.92600085088279,0.0668757273281904,146.3650010636035,70.31313829239517,16.902865433876734,0.0516193654026898,76.80815978874033,1590.8220946607105,489.438697822271,3424.6570891299725,1421.329731619916,-0.4493564342594393,0.0680655688481798,0.7756565939485056,-0.7620240266182235,-1.5758143902943322,-1.8004625436193302,-0.0642436790449783,-1.3682802107281409,-0.3745339034185148,-1.854765477265217,0.1088678258031976,-1.88759087012813,189.2,44.09,0.2713147410358565,200.0,44.09,0.2713147410358565,111.81366574604078,29451.9438870533,123855.6922253138,15794.415212668717,17.943473089321394,4389.947154518671,18110.00837813384,1219.9899206477933,541.2330000000001,36636868.991200015,600242265.1898001,6000595.693600002,tilt
182.csv,iO,,11270.369742091516,0.0289826881929585,49353,0.1198234634450462,-0.6239010864942314,11270.100854216638,3037.6430703344595,4131.507521993882,10.541981111924184,0.2298326516093537,43122998.9271235,189.77913350983167,1030.4811441881343,22546.7625638311,17278868361.58119,0.2148346681978788,1.4808294466210184e+16,197934793334592.62,89806190947157.67,11738769991998.691,33515058.777248595,25824440.051295582,19428687.119222432,34.23458471114569,59.13246450106983,121.37716397588018,35.66854508196721,59179647.85145647,1.804170183527936,2.4500020259967297,235.2705019140791,18.99589111016589,0.0682434104169784,6733.060939600171,166.4808091290313,16.455027004655424,0.0505030564113479,6832.761383759078,465.7,45.7,0.3131862965536977,17690.169,476.5,44.77,0.2492518703241895,17613.057,-0.0551926490019748,0.0031835829062783,0.6949891572246354,0.2814234116361137,-1.8655113126123708,-1.801753814149882,-0.13714472295996,-1.7857575577591671,136.66962994470438,19.002216078264567,0.0684144059614704,147.30920969800084,70.39969893181681,16.447585216597435,0.0502216978885617,75.52014184855193,1597.6865076563165,485.0972055463646,3447.267651424926,1417.3827979951525,-0.4494521868154663,0.0036313843430935,0.7249976405725665,-0.7653938914307243,-1.5754192272062082,-1.8020964216101976,-0.1485287909828536,-1.3555991441721056,-0.4116687155388022,-1.81843621990562,0.0825007120729318,-1.883685307576689,189.2,44.77,0.2492518703241895,200.0,44.77,0.2492518703241895,136.89681987911925,29687.48348085557,121187.4080245892,14421.189763667568,18.74889989714475,4899.12540753924,17429.395601473385,1187.478226819733,752.7730000000004,39768643.38999999,539956100.4626998,4895531.112399999,ok
222.csv,iO,,11419.714562394687,0.0397815912636505,47317,0.0955309879569297,-0.706740364149204,11419.47273876692,3061.289850027035,4085.361209962202,10.52053380640168,0.2232711266471987,38514361.15155488,207.8085027709742,1017.5399450920384,22543.704168491924,15583207008.874971,0.2606961249834534,1.263640661123738e+16,212612148219816.1,104599830321836.12,13876629257358.148,24193148.6129929,26677002.72342937,27835526.036052216,34.03772514536945,57.86413274712807,142.9584456105517,34.05808729139923,51806226.52704731,1.7250397343788426,2.164953855091768,234.21152774801803,18.22124276837369,0.0666954574267267,6389.601140989929,164.7168970584242,16.112717633052867,0.0509907734932845,6599.1328700502745,450.1,44.28,0.3247194529985907,17345.644,459.9,43.4,0.2400255754475703,17264.52,-0.0615398746399826,0.0906361668863587,0.873738300450781,0.3526544104936556,-1.869316993245636,-1.7514495116236888,0.1489887141165931,-1.6893500147935987,136.76505249625026,18.226955217484463,0.0668631425131625,148.98584443968286,70.03691560745446,16.106131493148386,0.0507075693673491,74.1620385167453,1593.12643968288,488.9017887865692,3411.807293764731,1421.0932682910282,-0.435175428586481,0.0910978302060241,0.908094260771256,-0.7904663400229197,-1.5819107323516948,-1.7517110432832557,0.1353069469220611,-1.319856102492406,-0.3843070272272129,-1.8472778086169417,0.1319215949374011,-1.8815099794911725,190.2,43.4,0.2400255754475703,200.0,43.4,0.2400255754475703,130.1426679983849,29981.486567633696,126262.65030190162,19499.03188551558,16.992762825007237,4308.928607533693,16309.179457184402,1640.9860283778812,722.9939999999999,36230423.51200002,525358467.7981,10036539.0512,ok
403.csv,niO,Tilt,8273.553930965736,0.0415108580054204,45624,0.1619641141890137,0.5245354371576201,8273.539528633517,3699.1160181335968,4425.961516952026,11.854923269113351,0.2787360129449553,50602142.23813759,149.2896602016536,762.317743706039,22163.05158660055,17825504523.405148,0.3503537912190281,2.8085192522295344e+16,562367238965113.75,381844957366714.4,50542597488162.414,49584012.07995964,37789006.52813709,12401766.139060572,29.640811005523343,57.63491028851762,125.15009091220968,30.1906779661017,71207853.1110028,1.7838826438110391,3.0430791701044884,235.3291967700808,18.561842328941776,0.0655005497734206,6650.324448363791,166.3562606826145,16.75602597159252,0.0498371552856194,6931.862401843098,454.0,44.72,0.2961032098624925,17885.918,464.8,43.89,0.2736248236953455,17825.985,-0.0519000540099374,0.0971175856984599,0.7501011633367843,0.3332959008265725,-1.8658043799210948,-1.7939760929921476,-0.0574904674052363,-1.7482671374706618,136.78023799405017,18.56546323841904,0.0655729952875509,146.88168359541012,70.19682046221476,16.751935054943484,0.0497303291985018,75.80812821457086,1583.910470038249,490.3090843922186,3403.715134296642,1423.4583496506646,-0.4457891543089409,0.0973680132968825,0.7601344954902414,-0.7571546968473635,-1.5824085639893053,-1.7941292492833143,-0.0555612037654742,-1.375184149627401,-0.3464774979385533,-1.8743530880256567,0.1412289057661144,-1.8828807221862431,189.2,43.89,0.2736248236953455,200.0,43.89,0.2736248236953455,138.42549980865445,28032.05130806264,122961.94156212643,17833.168112753712,13.779404657705918,3658.860610268941,18022.812590447786,852.2553747585735,586.5315999999999,30431956.6576,583971588.6765,5239726.832,tilt
394.csv,niO,Tilt,11627.104068171602,0.0266254541510764,46185,0.1192739688491234,-0.8904349123343649,11626.958205001396,3104.031663700924,4256.437609151924,10.765916467027791,0.2424928166207396,50010806.60252079,191.78256882802555,1082.0588307802554,21401.95466378544,22744538582.6224,0.1915693226823793,2.26633621467382e+16,187229417125603.25,119090580853181.05,17613444026921.766,43545966.80728658,44080347.04537504,8051955.210656596,28.631852936391727,57.263705872783454,132.747681795998,29.479679802955665,83982195.00455339,1.8268850287396936,3.1871593235166227,235.3368465788356,17.735512112197192,0.0623108717003306,6326.141888227794,166.2853355739789,16.034156607435165,0.0502601429506077,6575.865731790687,482.4,43.45,0.2420586907449209,16691.293,495.6,42.72,0.2180586907449209,16600.992000000002,-0.0498332338282185,0.0645835884113735,0.8457178159194194,0.3178991198890791,-1.864882888083521,-1.8475191420207324,-0.0134111536753653,-1.7850359604570878,136.8197407564811,17.73875478113047,0.0623589480421703,144.86562409689756,70.08257755039828,16.030510826043294,0.0501951724398504,78.79186998029391,1582.6654972375688,490.9686725575131,3390.7071629834254,1422.6441462941846,-0.4436863577358931,0.0647878765013053,0.8514076270810641,-0.7496750782738104,-1.584106831698373,-1.8476731163924065,-0.0107881332211707,-1.4030890023106832,-0.3398688367036189,-1.8796957613442835,0.1524419000195115,-1.880342644970832,186.8,42.72,0.2180586907449209,200.0,42.72,0.2180586907449209,109.37487756916926,29182.15699158401,126269.74180477842,15109.538991763044,15.74394287027892,3752.8730977930527,17536.81843308854,749.2980094848696,455.6140000000001,32147982.422400005,539136034.5080999,3414126.7108,tilt
